,AbilityResourceMax,AbilityResourceRegenPerSecond,AirDashDistanceInMeters,AirDashDuration,BaseHealthRegen,BaseWeaponDamageIncrease,BoundAbilities,CritDamageBonusPercent,CritDamageReceivedPercent,CrouchSpeed,GroundDashDistanceInMeters,GroundDashDuration,HeavyMeleeDamage,HeroBulletLifestealEffectiveness,HeroSpiritLifestealEffectiveness,InDevelopment,InHeroLabs,IsDisabled,IsRecommended,IsSelectable,LevelScaling,LightMeleeDamage,Lore,MaxHealth,MaxMoveSpeed,MoveAcceleration,Name,Playstyle,ProcBuildUpRateScale,ReloadSpeed,Role,SpiritScaling,SprintSpeed,Stamina,StaminaCooldown,StaminaRegenPerSecond,TechDuration,TechRange,Type,Weapon,WeaponPowerScale,MeleeResist,TechResist,BuildUpRate,BulletLifesteal
hero_airheart,0,0,8.0,0.47000000000000003,2.0,0,"{'1': {'Name': 'Rocket Launcher', 'Key': 'rutger_rocket'}, '4': {'Name': 'Hyper Beam', 'Key': 'citadel_ability_bebop_laser_beam'}}",0.0,0.0,4.75,10.0,0.68,116.0,1.0,1.0,True,False,True,False,True,"{'BulletDamage': 0.2, 'MaxHealth': 39, 'PowerIncreases': 1, 'TechPower': 1.1, 'LightMeleeDamage': 1.58, 'HeavyMeleeDamage': 3.6656}",50.0,hero_airheart_lore,650.0,6.8,4,,hero_airheart_playstyle,1,0,hero_airheart_role,{},1.6,3.0,4.5000045000045,0.222222,0,0,,"{'WeaponTypes': ['Attribute_EWeaponAttribute_BurstFire', 'Attribute_EWeaponAttribute_MediumRange']}",1,,,,
hero_astro,0,0,8.0,0.43,1.0,0,"{'1': {'Name': 'Powder Keg', 'Key': 'ability_explosive_barrel'}, '2': {'Name': 'Bounce Pad', 'Key': 'ability_bounce_pad'}, '3': {'Name': 'Crackshot', 'Key': 'ability_crackshot'}, '4': {'Name': 'Spirit Lasso', 'Key': 'ability_gravity_lasso'}}",0.0,0.0,4.75,10.0,0.62,116.0,1.0,1.0,False,False,False,False,True,"{'BulletDamage': 1.1440000000000001, 'MaxHealth': 41, 'PowerIncreases': 1, 'TechPower': 1.1, 'LightMeleeDamage': 1.58, 'HeavyMeleeDamage': 3.6656, 'DPS': 2.4212, 'SustainedDPS': 1.5304}",50.0,hero_astro_lore,750.0,8.2,4,Holliday,hero_astro_playstyle,1,0,hero_astro_role,{},1.6,2.0,4.5000045000045,0.222222,0,0,Marksman,"{'BulletSpeed': 635.0, 'BulletDamage': 18.8, 'RoundsPerSecond': 2.1164, 'ClipSize': 10, 'ReloadTime': 2.75, 'ReloadMovespeed': 1.0, 'ReloadDelay': 0, 'ReloadSingle': False, 'FalloffStartRange': 19.99, 'FalloffEndRange': 57.51, 'FalloffStartScale': 1.0, 'FalloffEndScale': 0.1, 'FalloffBias': 0.5, 'BulletGravityScale': 0.8, 'BulletsPerShot': 1, 'BulletsPerBurst': 1, 'BurstInterShotInterval': 0, 'ShootMoveSpeed': 0.75, 'HitOnceAcrossAllBullets': False, 'CanCrit': True, 'AmmoConsumedPerShot': 1, 'DPS': 39.788, 'SustainedDPS': 25.15, 'NameKey': 'citadel_weapon_hero_astro_set', 'DescKey': 'citadel_weapon_hero_astro_set_desc', 'WeaponTypes': ['Attribute_EWeaponAttribute_MediumRange', 'Attribute_EWeaponAttribute_HeavyHitter']}",1,,,,
hero_atlas,0,0,8.0,0.49,1.5,0,"{'1': {'Name': 'Siphon Life', 'Key': 'citadel_ability_bull_heal'}, '2': {'Name': 'Shoulder Charge', 'Key': 'citadel_ability_bull_charge'}, '3': {'Name': 'Infernal Resilience', 'Key': 'citadel_ability_passive_beefy'}, '4': {'Name': 'Seismic Impact', 'Key': 'citadel_ability_bull_leap'}}",0.0,0.0,4.75,10.0,0.7000000000000001,116.0,1.0,1.0,False,False,False,True,True,"{'BulletDamage': 0.13, 'MaxHealth': 49, 'PowerIncreases': 1, 'TechPower': 1.1, 'LightMeleeDamage': 1.58, 'HeavyMeleeDamage': 3.6656, 'DPS': 1.8571, 'SustainedDPS': 1.1029}",50.0,hero_atlas_lore,770.0,6.4,4,Abrams,hero_atlas_playstyle,1,0,hero_atlas_role,{},1.6,3.0,4.5000045000045,0.222222,0,0,Brawler,"{'BulletSpeed': 609.6, 'BulletDamage': 3.86, 'RoundsPerSecond': 1.5873, 'ClipSize': 9, 'ReloadTime': 0.35250000000000004, 'ReloadMovespeed': 1.0, 'ReloadDelay': 0.705, 'ReloadSingle': True, 'FalloffStartRange': 17.0, 'FalloffEndRange': 40.0, 'FalloffStartScale': 1.0, 'FalloffEndScale': 0.1, 'FalloffBias': 0.5, 'BulletGravityScale': 0.8, 'BulletsPerShot': 9, 'BulletsPerBurst': 1, 'BurstInterShotInterval': 0, 'ShootMoveSpeed': 0.75, 'HitOnceAcrossAllBullets': False, 'CanCrit': True, 'AmmoConsumedPerShot': 1, 'DPS': 55.143, 'SustainedDPS': 32.748, 'NameKey': 'citadel_weapon_hero_atlas_set', 'DescKey': 'citadel_weapon_hero_atlas_set_desc', 'WeaponTypes': ['Attribute_EWeaponAttribute_Spreadshot', 'Attribute_EWeaponAttribute_CloseRange']}",1,,,,
hero_bebop,0,0,8.0,0.49,1.5,0,"{'1': {'Name': 'Exploding Uppercut', 'Key': 'citadel_ability_uppercut'}, '2': {'Name': 'Sticky Bomb', 'Key': 'citadel_ability_sticky_bomb'}, '3': {'Name': 'Grapple Arm', 'Key': 'citadel_ability_hook'}, '4': {'Name': 'Hyper Beam', 'Key': 'citadel_ability_bebop_laser_beam'}}",0.0,0.0,4.75,10.0,0.7000000000000001,116.0,1.0,1.0,False,False,False,False,True,"{'BulletDamage': 0.154, 'MaxHealth': 52, 'BonusAttackRange': 59, 'PowerIncreases': 1, 'BulletResist': 0.30000000000000004, 'TechPower': 1.1, 'LightMeleeDamage': 1.58, 'HeavyMeleeDamage': 2.9092000000000002, 'DPS': 1.8334000000000001, 'SustainedDPS': 1.2876}",63.0,hero_bebop_lore,850.0,6.45,4,Bebop,hero_bebop_playstyle,1,0,hero_bebop_role,{},4.0,3.0,5.5000055000055,0.18181799999999998,0,0,Brawler,"{'BulletSpeed': 508.0, 'BulletDamage': 4.98, 'RoundsPerSecond': 11.905, 'ClipSize': 66, 'ReloadTime': 2.35, 'ReloadMovespeed': 1.0, 'ReloadDelay': 0, 'ReloadSingle': False, 'FalloffStartRange': 19.99, 'FalloffEndRange': 50.8, 'FalloffStartScale': 1.0, 'FalloffEndScale': 0.1, 'FalloffBias': 0.5, 'BulletGravityScale': 0.8, 'BulletsPerShot': 1, 'BulletsPerBurst': 1, 'BurstInterShotInterval': 0, 'ShootMoveSpeed': 0.75, 'HitOnceAcrossAllBullets': False, 'CanCrit': True, 'AmmoConsumedPerShot': 1, 'DPS': 59.287, 'SustainedDPS': 41.637, 'NameKey': 'citadel_weapon_hero_bebop_set', 'DescKey': 'citadel_weapon_hero_bebop_set_desc', 'WeaponTypes': ['Attribute_EWeaponAttribute_BeamWeapon', 'Attribute_EWeaponAttribute_MediumRange']}",1,,,,
hero_boho,0,0,8.0,0.47000000000000003,2.0,0,"{'1': {'Name': 'Skipshot', 'Key': 'ability_boho_bouncyprojectile'}, '2': {'Name': 'Swish', 'Key': 'ability_boho_doublehit'}, '3': {'Name': 'Intertwine', 'Key': 'ability_boho_damageshare'}, '4': {'Name': None, 'Key': 'ability_boho_channeltether'}}",0.0,0.0,4.75,10.0,0.68,116.0,1.0,1.0,True,False,True,False,True,"{'BulletDamage': 0.495, 'MaxHealth': 60.0, 'PowerIncreases': 1, 'TechPower': 1.1, 'LightMeleeDamage': 1.58, 'HeavyMeleeDamage': 3.6656, 'DPS': 4.95, 'SustainedDPS': 2.7}",50.0,hero_boho_lore,675.0,8.0,4,Boho,hero_boho_playstyle,1,0,hero_boho_role,{},1.6,3.0,4.5000045000045,0.222222,0,0,,"{'BulletSpeed': 139.7, 'BulletDamage': 5.5, 'RoundsPerSecond': 10.0, 'ClipSize': 30, 'ReloadTime': 2.5, 'ReloadMovespeed': 1.0, 'ReloadDelay': 0, 'ReloadSingle': False, 'FalloffStartRange': 19.99, 'FalloffEndRange': 57.51, 'FalloffStartScale': 1.0, 'FalloffEndScale': 0.1, 'FalloffBias': 0.5, 'BulletGravityScale': 0.01, 'BulletsPerShot': 1, 'BulletsPerBurst': 1, 'BurstInterShotInterval': 0, 'ShootMoveSpeed': 0.75, 'HitOnceAcrossAllBullets': False, 'CanCrit': True, 'AmmoConsumedPerShot': 1, 'DPS': 55.0, 'SustainedDPS': 30.0, 'NameKey': 'citadel_weapon_hero_boho_set', 'DescKey': 'citadel_weapon_hero_boho_set_desc', 'WeaponTypes': ['Attribute_EWeaponAttribute_RapidFire', 'Attribute_EWeaponAttribute_LongRange']}",1,,,,
hero_bomber,0,0,8.0,0.47000000000000003,2.0,0,"{'1': {'Name': None, 'Key': 'ability_charged_bomb'}, '2': {'Name': None, 'Key': 'ability_bomber_ability02'}, '3': {'Name': None, 'Key': 'ability_bomber_ability03'}, '4': {'Name': None, 'Key': 'ability_bomber_ult'}}",0.0,0.0,4.75,10.0,0.68,116.0,1.0,1.0,True,False,True,False,False,"{'BulletDamage': 0.077, 'MaxHealth': 61, 'PowerIncreases': 1, 'TechPower': 1.1, 'LightMeleeDamage': 1.58, 'HeavyMeleeDamage': 3.6656, 'DPS': 0.85555, 'SustainedDPS': 0.44423}",50.0,hero_bomber_lore,750.0,7.2,4,Bomber,hero_bomber_playstyle,1,0,hero_bomber_role,{},1.6,3.0,4.5000045000045,0.222222,0,0,,"{'BulletSpeed': 571.5, 'BulletDamage': 5.5, 'RoundsPerSecond': 11.111, 'ClipSize': 30, 'ReloadTime': 2.5, 'ReloadMovespeed': 1.0, 'ReloadDelay': 0, 'ReloadSingle': False, 'FalloffStartRange': 19.99, 'FalloffEndRange': 57.51, 'FalloffStartScale': 1.0, 'FalloffEndScale': 0.1, 'FalloffBias': 0.5, 'BulletGravityScale': 0, 'BulletsPerShot': 1, 'BulletsPerBurst': 1, 'BurstInterShotInterval': 0, 'ShootMoveSpeed': 0.75, 'HitOnceAcrossAllBullets': False, 'CanCrit': True, 'AmmoConsumedPerShot': 1, 'DPS': 61.111, 'SustainedDPS': 31.731, 'NameKey': 'citadel_weapon_hero_bomber_set', 'DescKey': 'citadel_weapon_hero_bomber_set_desc'}",1,,,,
hero_bookworm,0,0,8.0,0.47000000000000003,2.0,0,"{'1': {'Name': 'Conjure Dragon', 'Key': 'ability_bookworm_dragonfire'}, '2': {'Name': 'Defend and Fight!', 'Key': 'ability_bookworm_knightbarrier'}, '3': {'Name': 'Captivating Read', 'Key': 'ability_bookworm_aoemagic'}, '4': {'Name': 'Rallying Charge', 'Key': 'ability_bookworm_knightcharge'}}",0.0,0.0,4.75,10.0,0.68,120.0,1.0,1.0,False,False,False,False,True,"{'BulletDamage': 0.52, 'MaxHealth': 29, 'PowerIncreases': 1, 'TechPower': 1.1, 'LightMeleeDamage': 1.2, 'HeavyMeleeDamage': 3.4286, 'DPS': 0.8666800000000001, 'SustainedDPS': 0.6679}",42.0,hero_bookworm_lore,650.0,6.9,4,Paige,hero_bookworm_playstyle,1,0,hero_bookworm_role,{'HeavyMeleeDamage': 0.30000000000000004},3.5,2.0,4.5000045000045,0.222222,0,0,Mystic,"{'BulletSpeed': 43.43, 'BulletDamage': 35.0, 'RoundsPerSecond': 1.6667, 'ClipSize': 14, 'ReloadTime': 2.5, 'ReloadMovespeed': 1.0, 'ReloadDelay': 0, 'ReloadSingle': False, 'FalloffStartRange': 19.99, 'FalloffEndRange': 57.51, 'FalloffStartScale': 1.0, 'FalloffEndScale': 0.1, 'FalloffBias': 0.5, 'BulletGravityScale': 0, 'BulletsPerShot': 1, 'BulletsPerBurst': 1, 'BurstInterShotInterval': 0.1, 'ShootMoveSpeed': 0.75, 'HitOnceAcrossAllBullets': False, 'CanCrit': False, 'AmmoConsumedPerShot': 1, 'ExplosionRadius': 0.635, 'ExplosionDamageScaleAtMaxRadius': 1.0, 'DPS': 58.334, 'SustainedDPS': 44.955, 'NameKey': 'citadel_weapon_hero_bookworm_set', 'DescKey': 'citadel_weapon_hero_bookworm_set_desc', 'WeaponTypes': ['Attribute_EWeaponAttribute_RapidFire', 'Attribute_EWeaponAttribute_LongRange']}",1,,,,
hero_cadence,0,0,8.0,0.47000000000000003,2.0,0,"{'1': {'Name': 'Anthem', 'Key': 'cadence_ability_anthem'}, '2': {'Name': 'Silence Contraptions', 'Key': 'cadence_ability_silencecontraptions'}, '3': {'Name': 'Lullaby', 'Key': 'cadence_ability_lullaby'}, '4': {'Name': 'Crescendo', 'Key': 'cadence_ability_crescendo'}}",0.0,0.0,4.75,10.0,0.68,116.0,1.0,1.0,True,False,True,False,False,"{'MaxHealth': 61, 'PowerIncreases': 1, 'TechPower': 1.1, 'LightMeleeDamage': 1.58, 'HeavyMeleeDamage': 3.6656}",50.0,hero_cadence_lore,800.0,7.2,4,Cadence,hero_cadence_playstyle,1,0,hero_cadence_role,{},1.6,3.0,4.5000045000045,0.222222,0,0,,"{'BulletSpeed': 635.0, 'BulletDamage': 4.9, 'RoundsPerSecond': 5.7143, 'ClipSize': 24, 'ReloadTime': 2.0, 'ReloadMovespeed': 1.0, 'ReloadDelay': 0, 'ReloadSingle': False, 'FalloffStartRange': 19.99, 'FalloffEndRange': 57.51, 'FalloffStartScale': 1.0, 'FalloffEndScale': 0.1, 'FalloffBias': 0.5, 'BulletGravityScale': 0.8, 'BulletsPerShot': 1, 'BulletsPerBurst': 4, 'BurstInterShotInterval': 0.1, 'ShootMoveSpeed': 0.75, 'HitOnceAcrossAllBullets': False, 'CanCrit': True, 'AmmoConsumedPerShot': 1, 'DPS': 28.0, 'SustainedDPS': 18.968, 'NameKey': 'citadel_weapon_hero_cadence_set', 'DescKey': 'citadel_weapon_hero_cadence_set_desc'}",1,,,,
hero_chrono,0,0,8.0,0.43,1.0,0,"{'1': {'Name': 'Pulse Grenade', 'Key': 'citadel_ability_chrono_pulse_grenade'}, '2': {'Name': 'Time Wall', 'Key': 'citadel_ability_chrono_time_wall'}, '3': {'Name': 'Kinetic Carbine', 'Key': 'citadel_ability_chrono_kinetic_carbine'}, '4': {'Name': 'Paradoxical Swap', 'Key': 'citadel_ability_chrono_swap'}}",0.0,0.0,4.75,10.0,0.62,116.0,1.0,1.0,False,False,False,False,True,"{'BulletDamage': 0.242, 'MaxHealth': 45, 'PowerIncreases': 1, 'TechPower': 1.1, 'LightMeleeDamage': 1.58, 'HeavyMeleeDamage': 3.6656, 'DPS': 1.8292000000000002, 'SustainedDPS': 1.2289}",50.0,hero_chrono_lore,700.0,6.7,4,Paradox,hero_chrono_playstyle,1,0,hero_chrono_role,{},1.6,3.0,4.5000045000045,0.222222,0,0,Marksman,"{'BulletSpeed': 525.0, 'BulletDamage': 6.42, 'RoundsPerSecond': 7.5586, 'ClipSize': 40, 'ReloadTime': 2.585, 'ReloadMovespeed': 1.0, 'ReloadDelay': 0, 'ReloadSingle': False, 'FalloffStartRange': 19.99, 'FalloffEndRange': 57.51, 'FalloffStartScale': 1.0, 'FalloffEndScale': 0.1, 'FalloffBias': 0.5, 'BulletGravityScale': 0.1, 'BulletsPerShot': 1, 'BulletsPerBurst': 5, 'BurstInterShotInterval': 0.07350000000000001, 'ShootMoveSpeed': 0.75, 'HitOnceAcrossAllBullets': False, 'CanCrit': True, 'AmmoConsumedPerShot': 1, 'DPS': 48.526, 'SustainedDPS': 32.601, 'NameKey': 'citadel_weapon_hero_chrono_set', 'DescKey': 'citadel_weapon_hero_chrono_set_desc', 'WeaponTypes': ['Attribute_EWeaponAttribute_BurstFire', 'Attribute_EWeaponAttribute_MediumRange']}",1,,,,
hero_doorman,0,0,8.0,0.43,1.0,0,"{'1': {'Name': 'Call Bell', 'Key': 'ability_doorman_bomb'}, '2': {'Name': 'Doorway', 'Key': 'ability_doorman_doorway'}, '3': {'Name': 'Luggage Cart', 'Key': 'ability_doorman_luggage_cart'}, '4': {'Name': 'Hotel Guest', 'Key': 'ability_doorman_hotel'}}",-25.0,0.0,4.75,10.0,0.62,116.0,1.0,1.0,False,False,False,False,True,"{'BulletDamage': 1.1, 'MaxHealth': 42, 'PowerIncreases': 1, 'TechPower': 1.1, 'LightMeleeDamage': 1.58, 'HeavyMeleeDamage': 3.6656, 'DPS': 1.6177000000000001, 'SustainedDPS': 1.1225}",50.0,hero_doorman_lore,725.0,7.9,4,The Doorman,hero_doorman_playstyle,1,0,hero_doorman_role,{},1.6,3.0,4.5000045000045,0.222222,0,0,Mystic,"{'BulletSpeed': 203.2, 'BulletDamage': 29.26, 'RoundsPerSecond': 1.4706000000000001, 'ClipSize': 8, 'ReloadTime': 2.4, 'ReloadMovespeed': 1.0, 'ReloadDelay': 0, 'ReloadSingle': False, 'FalloffStartRange': 19.99, 'FalloffEndRange': 57.51, 'FalloffStartScale': 1.0, 'FalloffEndScale': 0.1, 'FalloffBias': 0.5, 'BulletGravityScale': 0.0, 'BulletsPerShot': 1, 'BulletsPerBurst': 1, 'BurstInterShotInterval': 0.05, 'ShootMoveSpeed': 0.75, 'HitOnceAcrossAllBullets': False, 'CanCrit': True, 'AmmoConsumedPerShot': 1, 'DPS': 43.03, 'SustainedDPS': 29.857, 'NameKey': 'citadel_weapon_hero_doorman_set', 'DescKey': 'citadel_weapon_hero_doorman_set_desc', 'WeaponTypes': ['Attribute_EWeaponAttribute_HeavyHitter', 'Attribute_EWeaponAttribute_MediumRange']}",1,,,,
hero_drifter,0,0,8.0,0.47000000000000003,3.5,0,"{'1': {'Name': 'Rend', 'Key': 'drifter_blood_blast'}, '2': {'Name': ""Stalker's Mark"", 'Key': 'drifter_shadow_mark'}, '3': {'Name': 'Bloodscent', 'Key': 'ability_drifter_hunger'}, '4': {'Name': 'Eternal Night', 'Key': 'drifter_darkness'}}",-45.0,0.0,4.75,10.0,0.68,120.0,1.0,1.0,False,False,False,False,True,"{'BulletDamage': 0.616, 'MaxHealth': 39, 'PowerIncreases': 1, 'TechPower': 1.1, 'LightMeleeDamage': 1.58, 'HeavyMeleeDamage': 3.6816, 'DPS': 1.3968, 'SustainedDPS': 0.9555400000000001}",51.5,hero_drifter_lore,725.0,6.9,4,Drifter,hero_drifter_playstyle,1,0,hero_drifter_role,{},1.6,3.0,4.5000045000045,0.222222,0,0,Assassin,"{'BulletSpeed': 508.0, 'BulletDamage': 19.5, 'RoundsPerSecond': 2.2676, 'ClipSize': 12, 'ReloadTime': 2.444, 'ReloadMovespeed': 1.0, 'ReloadDelay': 0, 'ReloadSingle': False, 'FalloffStartRange': 22.0, 'FalloffEndRange': 27.0, 'FalloffStartScale': 1.0, 'FalloffEndScale': 0.6000000000000001, 'FalloffBias': 0.5, 'BulletGravityScale': 0.0, 'BulletsPerShot': 3, 'BulletsPerBurst': 1, 'BurstInterShotInterval': 0, 'ShootMoveSpeed': 0.75, 'HitOnceAcrossAllBullets': True, 'CanCrit': True, 'AmmoConsumedPerShot': 1, 'DPS': 44.218, 'SustainedDPS': 30.248, 'NameKey': 'citadel_weapon_hero_drifter_set', 'DescKey': 'citadel_weapon_hero_drifter_set_desc', 'WeaponTypes': ['Attribute_EWeaponAttribute_Spreadshot', 'Attribute_EWeaponAttribute_CloseRange']}",1,,,,
hero_druid,0,0,8.0,0.47000000000000003,2.0,0,{},0.0,0.0,4.75,10.0,0.68,116.0,1.0,1.0,True,False,True,False,True,"{'BulletDamage': 0.124929, 'MaxHealth': 41.0, 'PowerIncreases': 1, 'TechPower': 1.1, 'LightMeleeDamage': 1.58, 'HeavyMeleeDamage': 3.6656}",50.0,hero_druid_lore,750.0,7.2,4,Druid,hero_druid_playstyle,1,0,hero_druid_role,{},1.6,3.0,4.5000045000045,0.222222,0,0,,,1,,,,
hero_dynamo,0,0,8.0,0.49,1.75,0,"{'1': {'Name': 'Kinetic Pulse', 'Key': 'citadel_ability_stomp'}, '2': {'Name': 'Quantum Entanglement', 'Key': 'citadel_ability_void_sphere'}, '3': {'Name': 'Rejuvenating Aurora', 'Key': 'citadel_ability_nikuman'}, '4': {'Name': 'Singularity', 'Key': 'citadel_ability_self_vacuum'}}",0.0,0.0,4.75,10.0,0.7000000000000001,116.0,1.0,1.0,False,False,False,True,True,"{'BulletDamage': 0.44, 'MaxHealth': 59, 'PowerIncreases': 1, 'BulletResist': 0.625, 'TechPower': 1.1, 'LightMeleeDamage': 1.58, 'HeavyMeleeDamage': 3.6656, 'DPS': 1.6762000000000001, 'SustainedDPS': 1.1194}",50.0,hero_dynamo_lore,850.0,6.7,4,Dynamo,hero_dynamo_playstyle,1,0,hero_dynamo_role,{},1.6,3.0,4.5000045000045,0.222222,0,0,Mystic,"{'BulletSpeed': 320.0, 'BulletDamage': 12.22, 'RoundsPerSecond': 3.8095, 'ClipSize': 18, 'ReloadTime': 2.35, 'ReloadMovespeed': 1.0, 'ReloadDelay': 0, 'ReloadSingle': False, 'FalloffStartRange': 19.99, 'FalloffEndRange': 57.51, 'FalloffStartScale': 1.0, 'FalloffEndScale': 0.1, 'FalloffBias': 0.5, 'BulletGravityScale': 0.8, 'BulletsPerShot': 1, 'BulletsPerBurst': 1, 'BurstInterShotInterval': 0, 'ShootMoveSpeed': 0.75, 'HitOnceAcrossAllBullets': False, 'CanCrit': True, 'AmmoConsumedPerShot': 1, 'DPS': 46.552, 'SustainedDPS': 31.09, 'NameKey': 'citadel_weapon_hero_dynamo_set', 'DescKey': 'citadel_weapon_hero_dynamo_set_desc', 'WeaponTypes': ['Attribute_EWeaponAttribute_MediumRange', 'Attribute_EWeaponAttribute_HeavyHitter', 'Attribute_EWeaponAttribute_Projectile']}",1,,,,
hero_familiar,0,0,8.0,0.49,2.0,0,"{'1': {'Name': 'Pillow Toss', 'Key': 'ability_familiar_ability02'}, '2': {'Name': 'Tag Along', 'Key': 'ability_familiar_attach'}, '3': {'Name': 'Lil Helpers', 'Key': 'ability_familiar_helpinghands'}, '4': {'Name': 'Naptime', 'Key': 'ability_familiar_ability01'}}",-20.0,-10.0,4.75,10.0,0.68,116.0,1.0,1.0,False,False,False,False,True,"{'BulletDamage': 0.34, 'MaxHealth': 29, 'PowerIncreases': 1, 'TechPower': 1.1, 'LightMeleeDamage': 1.58, 'HeavyMeleeDamage': 3.6656, 'DPS': 1.3077, 'SustainedDPS': 0.82157}",50.0,hero_familiar_lore,650.0,7.2,4,Rem,hero_familiar_playstyle,1,0,hero_familiar_role,{},4.0,3.0,4.5000045000045,0.222222,0,0,,"{'BulletSpeed': 160.0, 'BulletDamage': 16, 'RoundsPerSecond': 3.8462, 'ClipSize': 13, 'ReloadTime': 2.0, 'ReloadMovespeed': 1.0, 'ReloadDelay': 0, 'ReloadSingle': False, 'FalloffStartRange': 19.99, 'FalloffEndRange': 57.51, 'FalloffStartScale': 1.0, 'FalloffEndScale': 0.1, 'FalloffBias': 0.5, 'BulletGravityScale': 0.8, 'BulletsPerShot': 1, 'BulletsPerBurst': 1, 'BurstInterShotInterval': 0, 'ShootMoveSpeed': 0.85, 'HitOnceAcrossAllBullets': False, 'CanCrit': True, 'AmmoConsumedPerShot': 1, 'DPS': 61.539, 'SustainedDPS': 38.662, 'NameKey': 'citadel_weapon_hero_familiar_set', 'DescKey': 'citadel_weapon_hero_familiar_set_desc', 'WeaponTypes': ['Attribute_EWeaponAttribute_BurstFire', 'Attribute_EWeaponAttribute_MediumRange']}",1,-5.0,,,
hero_fencer,0,0,8.0,0.47000000000000003,2.0,0,{},0.0,0.0,4.75,10.0,0.68,116.0,1.0,1.0,False,False,False,False,True,"{'BulletDamage': 1.2, 'BulletDamageAltFire': 0.5, 'MaxHealth': 41, 'PowerIncreases': 1, 'TechPower': 1.1, 'LightMeleeDamage': 1.58, 'HeavyMeleeDamage': 2.9092000000000002}",63.0,hero_fencer_lore,700.0,7.2,4,Apollo,hero_fencer_playstyle,1,0,hero_fencer_role,{},1.6,3.0,4.5000045000045,0.222222,0,0,Assassin,"{'WeaponTypes': ['Attribute_EWeaponAttribute_Spreadshot', 'Attribute_EWeaponAttribute_CloseRange']}",1,,,,
hero_forge,0,0,8.0,0.49,2.0,0,"{'1': {'Name': 'Mini Turret', 'Key': 'citadel_ability_shieldedsentry'}, '2': {'Name': 'Medicinal Specter', 'Key': 'citadel_ability_mobile_resupply'}, '3': {'Name': 'Spectral Wall', 'Key': 'citadel_ability_fissure_wall'}, '4': {'Name': 'Heavy Barrage', 'Key': 'citadel_ability_rocket_barrage'}}",0.0,0.0,4.75,10.0,0.7000000000000001,116.0,1.0,1.0,False,False,False,True,True,"{'BulletDamage': 0.198, 'MaxHealth': 52, 'PowerIncreases': 1, 'TechResist': 0.625, 'TechPower': 1.1, 'LightMeleeDamage': 1.58, 'HeavyMeleeDamage': 3.6656, 'DPS': 2.3571, 'SustainedDPS': 1.4793}",50.0,hero_forge_lore,750.0,6.7,4,McGinnis,hero_forge_playstyle,1,0,hero_forge_role,{},1.6,2.0,4.5000045000045,0.222222,0,0,Mystic,"{'BulletSpeed': 650.0, 'BulletDamage': 6.72, 'RoundsPerSecond': 4.7619, 'ClipSize': 66, 'ReloadTime': 3.29, 'ReloadMovespeed': 1.0, 'ReloadDelay': 0, 'ReloadSingle': False, 'FalloffStartRange': 19.99, 'FalloffEndRange': 57.51, 'FalloffStartScale': 1.0, 'FalloffEndScale': 0.1, 'FalloffBias': 0.5, 'BulletGravityScale': 0.8, 'BulletsPerShot': 1, 'BulletsPerBurst': 1, 'BurstInterShotInterval': 0, 'ShootMoveSpeed': 0.75, 'HitOnceAcrossAllBullets': False, 'CanCrit': True, 'AmmoConsumedPerShot': 1, 'RoundsPerSecondAtMaxSpin': 11.904761904761903, 'SpinAcceleration': 0.5, 'SpinDeceleration': 0.25, 'DPS': 80.0, 'SustainedDPS': 50.206, 'NameKey': 'citadel_weapon_hero_forge_set', 'DescKey': 'citadel_weapon_hero_forge_set_desc', 'WeaponTypes': ['Attribute_EWeaponAttribute_RapidFire', 'Attribute_EWeaponAttribute_MediumRange']}",1,,,,
hero_fortuna,0,0,8.0,0.47000000000000003,2.0,0,"{'1': {'Name': None, 'Key': 'ability_fortuna_ability01'}, '2': {'Name': None, 'Key': 'ability_fortuna_ability02'}, '3': {'Name': None, 'Key': 'ability_fortuna_ability03'}, '4': {'Name': None, 'Key': 'ability_fortuna_ult'}}",0.0,0.0,4.75,10.0,0.68,116.0,1.0,1.0,True,False,True,False,True,"{'BulletDamage': 0.18, 'MaxHealth': 35, 'PowerIncreases': 1, 'TechPower': 1.1, 'LightMeleeDamage': 1.58, 'HeavyMeleeDamage': 3.6656, 'DPS': 2.0, 'SustainedDPS': 1.0385}",50.0,hero_fortuna_lore,650.0,7.2,4,Fortuna,hero_fortuna_playstyle,1,0,hero_fortuna_role,{'SprintSpeed': 0.06},1.6,3.0,4.5000045000045,0.222222,0,0,,"{'BulletSpeed': 571.5, 'BulletDamage': 5.5, 'RoundsPerSecond': 11.111, 'ClipSize': 30, 'ReloadTime': 2.5, 'ReloadMovespeed': 1.0, 'ReloadDelay': 0, 'ReloadSingle': False, 'FalloffStartRange': 19.99, 'FalloffEndRange': 57.51, 'FalloffStartScale': 1.0, 'FalloffEndScale': 0.1, 'FalloffBias': 0.5, 'BulletGravityScale': 0, 'BulletsPerShot': 1, 'BulletsPerBurst': 1, 'BurstInterShotInterval': 0, 'ShootMoveSpeed': 0.75, 'HitOnceAcrossAllBullets': False, 'CanCrit': True, 'AmmoConsumedPerShot': 1, 'DPS': 61.111, 'SustainedDPS': 31.731, 'NameKey': 'citadel_weapon_hero_fortuna_set', 'DescKey': 'citadel_weapon_hero_fortuna_set_desc', 'WeaponTypes': ['Attribute_EWeaponAttribute_RapidFire', 'Attribute_EWeaponAttribute_MediumRange']}",1,,,,
hero_frank,0,0,8.0,0.49,1.5,0,"{'1': {'Name': 'Pain Battery', 'Key': 'ability_frank_shocktarget2'}, '2': {'Name': 'Jumpstart', 'Key': 'ability_frank_selfzap'}, '3': {'Name': 'Aura of Suffering', 'Key': 'ability_frank_painaura'}, '4': {'Name': 'Shocking Reanimation', 'Key': 'ability_frank_revive'}}",0.0,0.0,4.75,10.0,0.7000000000000001,116.0,1.0,1.0,False,False,False,False,True,"{'BulletDamage': 0.33, 'MaxHealth': 39.0, 'PowerIncreases': 1, 'TechPower': 1.1, 'LightMeleeDamage': 1.58, 'HeavyMeleeDamage': 3.6656, 'DPS': 1.9298000000000002, 'SustainedDPS': 1.2177}",50.0,hero_frank_lore,770.0,6.3,4,Victor,hero_frank_playstyle,1,0,hero_frank_role,{'BaseHealthRegen': 0.08},1.1,3.0,4.5000045000045,0.222222,0,0,Brawler,"{'BulletSpeed': 203.2, 'BulletDamage': 12.0, 'RoundsPerSecond': 5.0505, 'ClipSize': 24, 'ReloadTime': 2.4, 'ReloadMovespeed': 1.0, 'ReloadDelay': 0, 'ReloadSingle': False, 'FalloffStartRange': 19.99, 'FalloffEndRange': 57.51, 'FalloffStartScale': 1.0, 'FalloffEndScale': 0.1, 'FalloffBias': 0.5, 'BulletGravityScale': 0.0, 'BulletsPerShot': 1, 'BulletsPerBurst': 1, 'BurstInterShotInterval': 0, 'ShootMoveSpeed': 0.75, 'HitOnceAcrossAllBullets': False, 'CanCrit': True, 'AmmoConsumedPerShot': 1, 'RoundsPerSecondAtMaxSpin': 5.847953216374268, 'SpinAcceleration': 0.6000000000000001, 'SpinDeceleration': 1.0, 'DPS': 70.175, 'SustainedDPS': 44.28, 'NameKey': 'citadel_weapon_hero_frank_set', 'DescKey': 'citadel_weapon_hero_frank_set_desc', 'WeaponTypes': ['Attribute_EWeaponAttribute_MediumRange', 'Attribute_EWeaponAttribute_Projectile']}",1,,0.0,,
hero_genericperson,0,0,8.0,0.47000000000000003,2.0,0,"{'1': {'Name': None, 'Key': 'genericperson_ability_1'}, '2': {'Name': None, 'Key': 'genericperson_ability_2'}, '3': {'Name': None, 'Key': 'genericperson_ability_3'}, '4': {'Name': None, 'Key': 'genericperson_ability_4'}}",0.0,0.0,4.75,10.0,0.68,116.0,1.0,1.0,True,False,False,False,False,"{'MaxHealth': 60.0, 'PowerIncreases': 1, 'TechPower': 1.1, 'LightMeleeDamage': 1.58, 'HeavyMeleeDamage': 3.6656}",50.0,hero_genericperson_lore,750.0,7.2,4,Generic Person,hero_genericperson_playstyle,1,0,hero_genericperson_role,{},1.6,3.0,4.5000045000045,0.222222,0,0,,"{'BulletSpeed': 635.0, 'BulletDamage': 11.6, 'RoundsPerSecond': 5.0, 'ClipSize': 15, 'ReloadTime': 2.0, 'ReloadMovespeed': 1.0, 'ReloadDelay': 0, 'ReloadSingle': False, 'FalloffStartRange': 19.99, 'FalloffEndRange': 57.51, 'FalloffStartScale': 1.0, 'FalloffEndScale': 0.1, 'FalloffBias': 0.5, 'BulletGravityScale': 0, 'BulletsPerShot': 1, 'BulletsPerBurst': 1, 'BurstInterShotInterval': 0, 'ShootMoveSpeed': 0.75, 'HitOnceAcrossAllBullets': False, 'CanCrit': True, 'AmmoConsumedPerShot': 1, 'DPS': 58.0, 'SustainedDPS': 34.8, 'NameKey': 'citadel_weapon_hero_genericperson_set', 'DescKey': 'citadel_weapon_hero_genericperson_set_desc'}",1,,,,
hero_ghost,0,0,8.0,0.49,1.0,0,"{'1': {'Name': 'Essence Bomb', 'Key': 'ability_blood_bomb'}, '2': {'Name': 'Life Drain', 'Key': 'ability_life_drain'}, '3': {'Name': 'Malice', 'Key': 'ability_blood_shards'}, '4': {'Name': 'Soul Exchange', 'Key': 'ability_health_swap'}}",0.0,0.0,4.75,10.0,0.7000000000000001,116.0,1.0,1.0,False,False,False,False,True,"{'BulletDamage': 0.9460000000000001, 'MaxHealth': 51, 'PowerIncreases': 1, 'TechPower': 1.1, 'LightMeleeDamage': 1.58, 'HeavyMeleeDamage': 3.6656, 'DPS': 2.0021, 'SustainedDPS': 1.2452}",50.0,hero_ghost_lore,850.0,6.3,4,Lady Geist,hero_ghost_playstyle,1,0,hero_ghost_role,{},2.4,3.0,4.5000045000045,0.222222,0,0,Mystic,"{'BulletSpeed': 828.0, 'BulletDamage': 21.94, 'RoundsPerSecond': 2.1164, 'ClipSize': 9, 'ReloadTime': 2.585, 'ReloadMovespeed': 1.0, 'ReloadDelay': 0, 'ReloadSingle': False, 'FalloffStartRange': 20.0, 'FalloffEndRange': 52.0, 'FalloffStartScale': 1.0, 'FalloffEndScale': 0.1, 'FalloffBias': 0.5, 'BulletGravityScale': 0.8, 'BulletsPerShot': 1, 'BulletsPerBurst': 1, 'BurstInterShotInterval': 0, 'ShootMoveSpeed': 0.75, 'HitOnceAcrossAllBullets': False, 'CanCrit': True, 'AmmoConsumedPerShot': 1, 'DPS': 46.434, 'SustainedDPS': 28.879, 'NameKey': 'citadel_weapon_hero_ghost_set', 'DescKey': 'citadel_weapon_hero_ghost_set_desc', 'WeaponTypes': ['Attribute_EWeaponAttribute_MediumRange', 'Attribute_EWeaponAttribute_HeavyHitter']}",1,,,,
hero_gigawatt,0,0,8.0,0.47000000000000003,1.0,0,"{'1': {'Name': 'Lightning Ball', 'Key': 'citadel_ability_lightning_ball'}, '2': {'Name': 'Static Charge', 'Key': 'citadel_ability_static_charge'}, '3': {'Name': 'Power Surge', 'Key': 'ability_power_surge'}, '4': {'Name': 'Storm Cloud', 'Key': 'citadel_ability_storm_cloud'}}",0.0,-35.0,4.75,10.0,0.68,116.0,1.0,1.0,False,False,False,True,True,"{'BulletDamage': 0.374, 'MaxHealth': 41, 'PowerIncreases': 1, 'TechPower': 1.1, 'LightMeleeDamage': 1.58, 'HeavyMeleeDamage': 3.6656, 'DPS': 2.1808, 'SustainedDPS': 1.4809999999999999}",50.0,hero_gigawatt_lore,700.0,6.7,4,Seven,hero_gigawatt_playstyle,1,0,hero_gigawatt_role,{'MaxMoveSpeed': 0.012},0.6000000000000001,3.0,4.5000045000045,0.222222,0,0,Mystic,"{'BulletSpeed': 635.0, 'BulletDamage': 10.81, 'RoundsPerSecond': 5.8309, 'ClipSize': 29, 'ReloadTime': 2.35, 'ReloadMovespeed': 1.0, 'ReloadDelay': 0, 'ReloadSingle': False, 'FalloffStartRange': 19.99, 'FalloffEndRange': 57.51, 'FalloffStartScale': 1.0, 'FalloffEndScale': 0.1, 'FalloffBias': 0.5, 'BulletGravityScale': 0.8, 'BulletsPerShot': 1, 'BulletsPerBurst': 3, 'BurstInterShotInterval': 0.084, 'ShootMoveSpeed': 0.75, 'HitOnceAcrossAllBullets': False, 'CanCrit': True, 'AmmoConsumedPerShot': 1, 'DPS': 63.032, 'SustainedDPS': 42.806, 'NameKey': 'citadel_weapon_hero_gigawatt_set', 'DescKey': 'citadel_weapon_hero_gigawatt_set_desc', 'WeaponTypes': ['Attribute_EWeaponAttribute_BurstFire', 'Attribute_EWeaponAttribute_MediumRange']}",1,,,,
hero_graf,0,0,8.0,0.47000000000000003,2.0,0,"{'1': {'Name': None, 'Key': 'ability_graf_ability01'}, '2': {'Name': None, 'Key': 'ability_graf_ability02'}, '3': {'Name': None, 'Key': 'ability_graf_ability03'}, '4': {'Name': None, 'Key': 'ability_graf_ult'}}",0.0,0.0,4.75,10.0,0.68,116.0,1.0,1.0,True,False,True,False,True,"{'BulletDamage': 0.25, 'MaxHealth': 31, 'PowerIncreases': 1, 'TechPower': 1.1, 'LightMeleeDamage': 1.58, 'HeavyMeleeDamage': 3.6656, 'DPS': 2.7777000000000003, 'SustainedDPS': 1.4423}",50.0,hero_graf_lore,480.0,7.2,4,Graf,hero_graf_playstyle,1,0,hero_graf_role,{},1.6,3.0,4.5000045000045,0.222222,0,0,,"{'BulletSpeed': 571.5, 'BulletDamage': 5.5, 'RoundsPerSecond': 11.111, 'ClipSize': 30, 'ReloadTime': 2.5, 'ReloadMovespeed': 1.0, 'ReloadDelay': 0, 'ReloadSingle': False, 'FalloffStartRange': 19.99, 'FalloffEndRange': 57.51, 'FalloffStartScale': 1.0, 'FalloffEndScale': 0.1, 'FalloffBias': 0.5, 'BulletGravityScale': 0, 'BulletsPerShot': 1, 'BulletsPerBurst': 1, 'BurstInterShotInterval': 0, 'ShootMoveSpeed': 0.75, 'HitOnceAcrossAllBullets': False, 'CanCrit': True, 'AmmoConsumedPerShot': 1, 'DPS': 61.111, 'SustainedDPS': 31.731, 'NameKey': 'citadel_weapon_hero_graf_set', 'DescKey': 'citadel_weapon_hero_graf_set_desc', 'WeaponTypes': ['Attribute_EWeaponAttribute_BurstFire', 'Attribute_EWeaponAttribute_MediumRange']}",1,,,,
hero_gunslinger,0,0,8.0,0.47000000000000003,2.0,0,"{'1': {'Name': 'Pulse Grenade', 'Key': 'citadel_ability_chrono_pulse_grenade'}, '2': {'Name': None, 'Key': 'gunslinger_knockbackblast'}, '3': {'Name': 'Infernal Brand', 'Key': 'gunslinger_demonMark'}, '4': {'Name': 'Demontrigger Blitz', 'Key': 'ability_gunslinger_salvo'}}",0.0,0.0,4.75,10.0,0.68,116.0,1.0,1.0,True,False,True,False,False,"{'BulletDamage': 0.924, 'MaxHealth': 61, 'PowerIncreases': 1, 'TechPower': 1.1, 'LightMeleeDamage': 1.58, 'HeavyMeleeDamage': 3.6656, 'DPS': 3.08, 'SustainedDPS': 1.2185}",50.0,hero_gunslinger_lore,750.0,7.2,4,Gunslinger,hero_gunslinger_playstyle,1,0,hero_gunslinger_role,{},1.6,3.0,4.5000045000045,0.222222,0,0,,"{'BulletSpeed': 635.0, 'BulletDamage': 30.0, 'RoundsPerSecond': 3.3333, 'ClipSize': 6, 'ReloadTime': 2.75, 'ReloadMovespeed': 1.0, 'ReloadDelay': 0, 'ReloadSingle': False, 'FalloffStartRange': 19.99, 'FalloffEndRange': 57.51, 'FalloffStartScale': 1.0, 'FalloffEndScale': 0.1, 'FalloffBias': 0.5, 'BulletGravityScale': 0.8, 'BulletsPerShot': 1, 'BulletsPerBurst': 1, 'BurstInterShotInterval': 0, 'ShootMoveSpeed': 0.75, 'HitOnceAcrossAllBullets': False, 'CanCrit': True, 'AmmoConsumedPerShot': 1, 'DPS': 99.999, 'SustainedDPS': 39.56, 'NameKey': 'citadel_weapon_hero_gunslinger_set', 'DescKey': 'citadel_weapon_hero_gunslinger_set_desc'}",1,,,,
hero_haze,0,0,8.0,0.43,2.0,0,"{'1': {'Name': 'Sleep Dagger', 'Key': 'ability_sleep_dagger'}, '2': {'Name': 'Smoke Bomb', 'Key': 'ability_smoke_bomb'}, '3': {'Name': 'Fixation', 'Key': 'ability_stacking_damage'}, '4': {'Name': 'Bullet Dance', 'Key': 'ability_bullet_flurry'}}",0.0,0.0,4.75,10.0,0.62,116.0,1.0,1.0,False,False,False,True,True,"{'BulletDamage': 0.14300000000000002, 'MaxHealth': 33, 'PowerIncreases': 1, 'TechPower': 1.1, 'LightMeleeDamage': 1.58, 'HeavyMeleeDamage': 3.6656, 'DPS': 1.3618999999999999, 'SustainedDPS': 0.7185900000000001}",50.0,hero_haze_lore,700.0,8.2,4,Haze,hero_haze_playstyle,1,0,hero_haze_role,"{'ClipSize': 0.5, 'SustainedDPS': 0.24710000000000001}",1.6,3.0,4.5000045000045,0.222222,0,0,Assassin,"{'BulletSpeed': 762.0, 'BulletDamage': 5.26, 'RoundsPerSecond': 9.5238, 'ClipSize': 25, 'ReloadTime': 2.35, 'ReloadMovespeed': 1.0, 'ReloadDelay': 0, 'ReloadSingle': False, 'FalloffStartRange': 19.99, 'FalloffEndRange': 46.0, 'FalloffStartScale': 1.0, 'FalloffEndScale': 0.1, 'FalloffBias': 0.5, 'BulletGravityScale': 1.5, 'BulletsPerShot': 1, 'BulletsPerBurst': 1, 'BurstInterShotInterval': 0, 'ShootMoveSpeed': 0.75, 'HitOnceAcrossAllBullets': False, 'CanCrit': True, 'AmmoConsumedPerShot': 1, 'DPS': 50.095, 'SustainedDPS': 26.432, 'NameKey': 'citadel_weapon_hero_haze_set', 'DescKey': 'citadel_weapon_hero_haze_set_desc', 'WeaponTypes': ['Attribute_EWeaponAttribute_RapidFire', 'Attribute_EWeaponAttribute_CloseRange']}",1,,,,
hero_hornet,0,0,8.0,0.47000000000000003,2.0,0,"{'1': {'Name': 'Stake', 'Key': 'citadel_ability_hornet_chain'}, '2': {'Name': 'Flight', 'Key': 'citadel_ability_hornet_leap'}, '3': {'Name': 'Crow Familiar', 'Key': 'citadel_ability_hornet_sting'}, '4': {'Name': 'Assassinate', 'Key': 'citadel_ability_hornet_snipe'}}",0.0,0.0,4.75,10.0,0.68,116.0,1.0,1.0,False,False,False,True,True,"{'BulletDamage': 0.495, 'MaxHealth': 29.0, 'PowerIncreases': 1, 'TechPower': 1.1, 'LightMeleeDamage': 1.58, 'HeavyMeleeDamage': 3.6656, 'DPS': 2.1429, 'SustainedDPS': 1.3618999999999999}",50.0,hero_hornet_lore,725.0,7.9,4,Vindicta,hero_hornet_playstyle,1,0,hero_hornet_role,"{'RoundsPerSecond': 0.00636, 'FireRate': 0.14, 'DPS': 0.078419, 'SustainedDPS': 0.03166}",1.6,2.0,4.5000045000045,0.222222,0,0,Marksman,"{'BulletSpeed': 557.1, 'BulletDamage': 12.33, 'RoundsPerSecond': 4.329, 'ClipSize': 22, 'ReloadTime': 2.914, 'ReloadMovespeed': 1.0, 'ReloadDelay': 0, 'ReloadSingle': False, 'FalloffStartRange': 19.99, 'FalloffEndRange': 64.0, 'FalloffStartScale': 1.0, 'FalloffEndScale': 0.1, 'FalloffBias': 0.5, 'BulletGravityScale': 0.8, 'BulletsPerShot': 1, 'BulletsPerBurst': 1, 'BurstInterShotInterval': 0, 'ShootMoveSpeed': 0.75, 'HitOnceAcrossAllBullets': False, 'CanCrit': True, 'AmmoConsumedPerShot': 1, 'DPS': 53.377, 'SustainedDPS': 33.924, 'NameKey': 'citadel_weapon_hero_hornet_set', 'DescKey': 'citadel_weapon_hero_hornet_set_desc', 'WeaponTypes': ['Attribute_EWeaponAttribute_RapidFire', 'Attribute_EWeaponAttribute_LongRange']}",1,,,,
hero_inferno,0,0,8.0,0.47000000000000003,2.0,0,"{'1': {'Name': 'Napalm', 'Key': 'ability_incendiary_projectile'}, '2': {'Name': 'Flame Dash', 'Key': 'ability_flame_dash'}, '3': {'Name': 'Afterburn', 'Key': 'ability_afterburn'}, '4': {'Name': 'Concussive Combustion', 'Key': 'ability_fire_bomb'}}",0.0,0.0,4.75,10.0,0.68,116.0,1.0,1.0,False,False,False,True,True,"{'BulletDamage': 0.088, 'MaxHealth': 39, 'PowerIncreases': 1, 'TechPower': 1.1, 'LightMeleeDamage': 1.58, 'HeavyMeleeDamage': 3.6656, 'DPS': 0.8380900000000001, 'SustainedDPS': 0.44611000000000006}",50.0,hero_inferno_lore,800.0,6.7,4,Infernus,hero_inferno_playstyle,1,0,hero_inferno_role,{},1.6,3.0,4.5000045000045,0.222222,0,0,Marksman,"{'BulletSpeed': 660.4, 'BulletDamage': 5.5, 'RoundsPerSecond': 9.5238, 'ClipSize': 27, 'ReloadTime': 2.491, 'ReloadMovespeed': 1.0, 'ReloadDelay': 0, 'ReloadSingle': False, 'FalloffStartRange': 18.0, 'FalloffEndRange': 55.0, 'FalloffStartScale': 1.0, 'FalloffEndScale': 0.1, 'FalloffBias': 0.5, 'BulletGravityScale': 0.8, 'BulletsPerShot': 1, 'BulletsPerBurst': 1, 'BurstInterShotInterval': 0, 'ShootMoveSpeed': 0.75, 'HitOnceAcrossAllBullets': False, 'CanCrit': True, 'AmmoConsumedPerShot': 1, 'DPS': 52.381, 'SustainedDPS': 27.882, 'NameKey': 'citadel_weapon_hero_inferno_set', 'DescKey': 'citadel_weapon_hero_inferno_set_desc', 'WeaponTypes': ['Attribute_EWeaponAttribute_RapidFire', 'Attribute_EWeaponAttribute_MediumRange']}",1,,,,
hero_kali,0,0,8.0,0.47000000000000003,2.0,0,"{'1': {'Name': 'Occilioblade', 'Key': 'citadel_ability_kali_spinning_blade'}, '2': {'Name': 'Pack Hunter', 'Key': 'citadel_ability_kali_disruptive_charge'}, '3': {'Name': 'Dust Storm', 'Key': 'ability_kali_dust_storm'}, '4': {'Name': ""Trapper's Delight"", 'Key': 'ability_kali_trappers_bolo'}}",0.0,0.0,4.75,10.0,0.68,116.0,1.0,1.0,False,False,True,False,False,"{'MaxHealth': 61, 'PowerIncreases': 1, 'TechPower': 1.1, 'LightMeleeDamage': 1.58, 'HeavyMeleeDamage': 3.6656}",50.0,hero_kali_lore,750.0,7.2,4,Kali,hero_kali_playstyle,1,0,hero_kali_role,{},1.6,3.0,4.5000045000045,0.222222,0,0,,"{'BulletSpeed': 508.0, 'BulletDamage': 12.98, 'RoundsPerSecond': 1.7857, 'ClipSize': 16, 'ReloadTime': 2.6, 'ReloadMovespeed': 1.0, 'ReloadDelay': 0, 'ReloadSingle': False, 'FalloffStartRange': 19.99, 'FalloffEndRange': 57.51, 'FalloffStartScale': 1.0, 'FalloffEndScale': 0.1, 'FalloffBias': 0.5, 'BulletGravityScale': 0.6000000000000001, 'BulletsPerShot': 1, 'BulletsPerBurst': 2, 'BurstInterShotInterval': 0.5, 'ShootMoveSpeed': 0.75, 'HitOnceAcrossAllBullets': False, 'CanCrit': True, 'AmmoConsumedPerShot': 1, 'DPS': 23.178, 'SustainedDPS': 17.965, 'NameKey': 'citadel_weapon_hero_kali_set', 'DescKey': 'citadel_weapon_hero_kali_set_desc'}",1,,,,
hero_kelvin,0,0,8.0,0.49,1.0,0,"{'1': {'Name': 'Frost Grenade', 'Key': 'ability_ice_grenade'}, '2': {'Name': 'Ice Path', 'Key': 'ability_icepath'}, '3': {'Name': 'Arctic Beam', 'Key': 'ability_icebeam'}, '4': {'Name': 'Frozen Shelter', 'Key': 'ability_ice_dome'}}",-25.0,0.0,4.75,10.0,0.7000000000000001,116.0,1.0,1.0,False,False,False,True,True,"{'BulletDamage': 0.418, 'MaxHealth': 58, 'PowerIncreases': 1, 'TechResist': 0.625, 'TechPower': 1.3, 'LightMeleeDamage': 1.58, 'HeavyMeleeDamage': 3.6656, 'DPS': 1.5924, 'SustainedDPS': 0.9348200000000001}",50.0,hero_kelvin_lore,850.0,6.7,4,Kelvin,hero_kelvin_playstyle,1,0,hero_kelvin_role,{},1.1,3.0,5.500247511138001,0.18181000000000003,0,0,Brawler,"{'BulletSpeed': 160.0, 'BulletDamage': 18.6, 'RoundsPerSecond': 3.8095, 'ClipSize': 14, 'ReloadTime': 2.585, 'ReloadMovespeed': 1.0, 'ReloadDelay': 0, 'ReloadSingle': False, 'FalloffStartRange': 19.99, 'FalloffEndRange': 57.51, 'FalloffStartScale': 1.0, 'FalloffEndScale': 0.1, 'FalloffBias': 0.5, 'BulletGravityScale': 0.30000000000000004, 'BulletsPerShot': 1, 'BulletsPerBurst': 1, 'BurstInterShotInterval': 0, 'ShootMoveSpeed': 0.75, 'HitOnceAcrossAllBullets': False, 'CanCrit': True, 'AmmoConsumedPerShot': 1, 'DPS': 70.857, 'SustainedDPS': 41.597, 'NameKey': 'citadel_weapon_hero_kelvin_set', 'DescKey': 'citadel_weapon_hero_kelvin_set_desc', 'WeaponTypes': ['Attribute_EWeaponAttribute_MediumRange', 'Attribute_EWeaponAttribute_HeavyHitter', 'Attribute_EWeaponAttribute_Projectile']}",1,,,,
hero_krill,0,0,8.0,0.49,1.0,0,"{'1': {'Name': 'Scorn', 'Key': 'ability_intimidate'}, '2': {'Name': 'Burrow', 'Key': 'ability_burrow'}, '3': {'Name': 'Sand Blast', 'Key': 'ability_throw_sand'}, '4': {'Name': 'Combo', 'Key': 'ability_ult_combo'}}",0.0,-20.0,4.75,10.0,0.7000000000000001,116.0,1.0,1.0,False,False,False,False,True,"{'BulletDamage': 0.077, 'MaxHealth': 63, 'PowerIncreases': 1, 'TechPower': 1.1, 'LightMeleeDamage': 1.58, 'HeavyMeleeDamage': 3.6656, 'DPS': 1.6296, 'SustainedDPS': 0.9333300000000001}",50.0,hero_krill_lore,900.0,8.0,4,Mo & Krill,hero_krill_playstyle,1,0,hero_krill_role,{},1.6,3.0,4.5000045000045,0.222222,0,0,Brawler,"{'BulletSpeed': 320.0, 'BulletDamage': 2.8200000000000003, 'RoundsPerSecond': 5.291, 'ClipSize': 20, 'ReloadTime': 2.8200000000000003, 'ReloadMovespeed': 1.0, 'ReloadDelay': 0, 'ReloadSingle': False, 'FalloffStartRange': 19.99, 'FalloffEndRange': 57.51, 'FalloffStartScale': 1.0, 'FalloffEndScale': 0.1, 'FalloffBias': 0.5, 'BulletGravityScale': 0.8, 'BulletsPerShot': 4, 'BulletsPerBurst': 1, 'BurstInterShotInterval': 0, 'ShootMoveSpeed': 0.75, 'HitOnceAcrossAllBullets': False, 'CanCrit': True, 'AmmoConsumedPerShot': 1, 'DPS': 59.682, 'SustainedDPS': 34.182, 'NameKey': 'citadel_weapon_hero_krill_set', 'DescKey': 'citadel_weapon_hero_krill_set_desc', 'WeaponTypes': ['Attribute_EWeaponAttribute_RapidFire', 'Attribute_EWeaponAttribute_Spreadshot']}",1,,,,
hero_lash,0,0,8.0,0.47000000000000003,2.0,0,"{'1': {'Name': 'Ground Strike', 'Key': 'citadel_ability_lash_down_strike'}, '2': {'Name': 'Grapple', 'Key': 'citadel_ability_lash'}, '3': {'Name': 'Flog', 'Key': 'ability_lash_flog'}, '4': {'Name': 'Death Slam', 'Key': 'citadel_ability_lash_ultimate'}}",0.0,0.0,4.75,10.0,0.68,116.0,1.0,1.0,False,False,False,False,True,"{'BulletDamage': 0.341, 'MaxHealth': 50, 'PowerIncreases': 1, 'TechPower': 1.1, 'LightMeleeDamage': 1.58, 'HeavyMeleeDamage': 3.6656, 'DPS': 1.9883000000000002, 'SustainedDPS': 1.3503}",50.0,hero_lash_lore,750.0,7.2,4,Lash,hero_lash_playstyle,1,0,hero_lash_role,{},2.1,3.0,4.5000045000045,0.222222,0,0,Assassin,"{'BulletSpeed': 635.0, 'BulletDamage': 8.46, 'RoundsPerSecond': 5.8309, 'ClipSize': 29, 'ReloadTime': 2.35, 'ReloadMovespeed': 1.0, 'ReloadDelay': 0, 'ReloadSingle': False, 'FalloffStartRange': 19.99, 'FalloffEndRange': 57.51, 'FalloffStartScale': 1.0, 'FalloffEndScale': 0.1, 'FalloffBias': 0.5, 'BulletGravityScale': 0.8, 'BulletsPerShot': 1, 'BulletsPerBurst': 3, 'BurstInterShotInterval': 0.084, 'ShootMoveSpeed': 0.75, 'HitOnceAcrossAllBullets': False, 'CanCrit': True, 'AmmoConsumedPerShot': 1, 'DPS': 49.329, 'SustainedDPS': 33.5, 'NameKey': 'citadel_weapon_hero_lash_set', 'DescKey': 'citadel_weapon_hero_lash_set_desc', 'WeaponTypes': ['Attribute_EWeaponAttribute_BurstFire', 'Attribute_EWeaponAttribute_MediumRange']}",1,,10.0,,
hero_magician,0,0,8.0,0.47000000000000003,2.0,0,"{'1': {'Name': 'Vexing Bolt', 'Key': 'ability_magician_magicbolt'}, '2': {'Name': 'Spectral Assistant', 'Key': 'ability_magician_cloneturret'}, '3': {'Name': 'Rabbit Hex', 'Key': 'ability_magician_animalhexarea'}, '4': {'Name': 'Audience Participation', 'Key': 'ability_magician_copyult'}}",0.0,0.0,4.75,10.0,0.68,116.0,1.0,1.0,False,False,False,False,True,"{'BulletDamage': 0.55, 'MaxHealth': 38, 'PowerIncreases': 1, 'TechPower': 1.3, 'LightMeleeDamage': 1.58, 'HeavyMeleeDamage': 3.6656, 'DPS': 1.4966, 'SustainedDPS': 1.0501}",50.0,hero_magician_lore,700.0,7.2,4,Sinclair,hero_magician_playstyle,1,0,hero_magician_role,{'MaxMoveSpeed': 0.013800000000000002},1.6,3.0,4.5000045000045,0.222222,0,0,Mystic,"{'BulletSpeed': 300.0, 'BulletDamage': 17.76, 'RoundsPerSecond': 2.7211, 'ClipSize': 16, 'ReloadTime': 2.5, 'ReloadMovespeed': 1.0, 'ReloadDelay': 0, 'ReloadSingle': False, 'FalloffStartRange': 25.4, 'FalloffEndRange': 60.96, 'FalloffStartScale': 1.0, 'FalloffEndScale': 0.30000000000000004, 'FalloffBias': 0.5, 'BulletGravityScale': 0, 'BulletsPerShot': 1, 'BulletsPerBurst': 2, 'BurstInterShotInterval': 0.105, 'ShootMoveSpeed': 0.75, 'HitOnceAcrossAllBullets': False, 'CanCrit': True, 'AmmoConsumedPerShot': 1, 'DPS': 48.327, 'SustainedDPS': 33.909, 'NameKey': 'citadel_weapon_hero_magician_set', 'DescKey': 'citadel_weapon_hero_magician_set_desc', 'WeaponTypes': ['Attribute_EWeaponAttribute_BurstFire', 'Attribute_EWeaponAttribute_LongRange', 'Attribute_EWeaponAttribute_Projectile']}",1,,,,
hero_mirage,0,0,8.0,0.47000000000000003,2.0,0,"{'1': {'Name': 'Fire Scarabs', 'Key': 'mirage_fire_beetles'}, '2': {'Name': 'Tornado', 'Key': 'mirage_tornado'}, '3': {'Name': ""Djinn's Mark"", 'Key': 'mirage_sand_phantom'}, '4': {'Name': 'Traveler', 'Key': 'mirage_teleport'}}",0.0,0.0,4.75,10.0,0.68,116.0,1.0,1.0,False,False,False,False,True,"{'BulletDamage': 0.5, 'MaxHealth': 44, 'PowerIncreases': 1, 'TechPower': 1.1, 'LightMeleeDamage': 1.58, 'HeavyMeleeDamage': 3.6656, 'DPS': 1.3605, 'SustainedDPS': 0.9434}",50.0,hero_mirage_lore,700.0,7.0,4,Mirage,hero_mirage_playstyle,1,0,hero_mirage_role,{},1.6,3.0,4.5000045000045,0.222222,0,0,Assassin,"{'BulletSpeed': 828.0, 'BulletDamage': 15.25, 'RoundsPerSecond': 2.7211, 'ClipSize': 16, 'ReloadTime': 2.6, 'ReloadMovespeed': 1.0, 'ReloadDelay': 0, 'ReloadSingle': False, 'FalloffStartRange': 19.99, 'FalloffEndRange': 57.51, 'FalloffStartScale': 1.0, 'FalloffEndScale': 0.1, 'FalloffBias': 0.5, 'BulletGravityScale': 0.8, 'BulletsPerShot': 1, 'BulletsPerBurst': 1, 'BurstInterShotInterval': 0, 'ShootMoveSpeed': 0.75, 'HitOnceAcrossAllBullets': False, 'CanCrit': True, 'AmmoConsumedPerShot': 1, 'DPS': 41.497, 'SustainedDPS': 28.774, 'NameKey': 'citadel_weapon_hero_mirage_set', 'DescKey': 'citadel_weapon_hero_mirage_set_desc', 'WeaponTypes': ['Attribute_EWeaponAttribute_MediumRange', 'Attribute_EWeaponAttribute_HeavyHitter']}",1,,,,
hero_nano,0,0,8.0,0.43,2.0,0,"{'1': {'Name': 'Gloom Bombs', 'Key': 'ability_nano_clustergrenade'}, '2': {'Name': 'Leaping Slash', 'Key': 'ability_nano_dash'}, '3': {'Name': 'Ava', 'Key': 'ability_nano_catform'}, '4': {'Name': 'Return to Shadows', 'Key': 'ability_nano_shadow_pulse'}}",0.0,0.0,4.75,10.0,0.62,116.0,1.0,1.0,False,False,False,True,True,"{'BulletDamage': 0.048400000000000006, 'MaxHealth': 37.0, 'PowerIncreases': 1, 'TechPower': 1.1, 'LightMeleeDamage': 1.58, 'HeavyMeleeDamage': 2.9092000000000002, 'DPS': 1.8437999999999999, 'SustainedDPS': 0.9075000000000001}",63.0,hero_nano_lore,700.0,7.2,4,Calico,hero_nano_playstyle,1,0,hero_nano_role,{},1.6,3.0,4.5000045000045,0.222222,0,0,Assassin,"{'BulletSpeed': 317.5, 'BulletDamage': 2.09, 'RoundsPerSecond': 4.7619, 'ClipSize': 12, 'ReloadTime': 2.6, 'ReloadMovespeed': 1.0, 'ReloadDelay': 0, 'ReloadSingle': False, 'FalloffStartRange': 19.99, 'FalloffEndRange': 57.51, 'FalloffStartScale': 1.0, 'FalloffEndScale': 0.1, 'FalloffBias': 0.5, 'BulletGravityScale': 0.8, 'BulletsPerShot': 8, 'BulletsPerBurst': 1, 'BurstInterShotInterval': 0, 'ShootMoveSpeed': 0.75, 'HitOnceAcrossAllBullets': False, 'CanCrit': True, 'AmmoConsumedPerShot': 1, 'DPS': 79.619, 'SustainedDPS': 39.187, 'NameKey': 'citadel_weapon_hero_nano_set', 'DescKey': 'citadel_weapon_hero_nano_set_desc', 'WeaponTypes': ['Attribute_EWeaponAttribute_Spreadshot', 'Attribute_EWeaponAttribute_CloseRange']}",1,,,,
hero_necro,0,0,8.0,0.47000000000000003,1.0,0,"{'1': {'Name': 'Jar of Dead', 'Key': 'ability_necro_hauntingskull'}, '2': {'Name': 'Grasping Hands', 'Key': 'ability_necro_zombiewall'}, '3': {'Name': 'Essence Theft', 'Key': 'ability_necro_fear'}, '4': {'Name': 'Borrowed Decree', 'Key': 'ability_necro_gravestone'}}",0.0,0.0,4.75,10.0,0.68,116.0,1.0,1.0,False,False,False,False,True,"{'BulletDamage': 0.06, 'MaxHealth': 33.0, 'PowerIncreases': 1, 'TechPower': 1.1, 'LightMeleeDamage': 1.58, 'HeavyMeleeDamage': 3.6656, 'DPS': 0.58823, 'SustainedDPS': 0.34884000000000004}",50.0,hero_necro_lore,700.0,6.6,4,Graves,hero_necro_playstyle,1,0,hero_necro_role,{},1.6,2.0,4.5000045000045,0.222222,0,0,Marksman,"{'BulletSpeed': 635.0, 'BulletDamage': 4.2, 'RoundsPerSecond': 9.8039, 'ClipSize': 40, 'ReloadTime': 2.8, 'ReloadMovespeed': 1.0, 'ReloadDelay': 0, 'ReloadSingle': False, 'FalloffStartRange': 7.62, 'FalloffEndRange': 17.78, 'FalloffStartScale': 1.0, 'FalloffEndScale': 0.5, 'FalloffBias': 0.5, 'BulletGravityScale': 0.0, 'BulletsPerShot': 1, 'BulletsPerBurst': 1, 'BurstInterShotInterval': 0, 'ShootMoveSpeed': 0.75, 'HitOnceAcrossAllBullets': False, 'CanCrit': True, 'AmmoConsumedPerShot': 1, 'DPS': 41.176, 'SustainedDPS': 24.419, 'NameKey': 'citadel_weapon_hero_necro_set', 'DescKey': 'citadel_weapon_hero_necro_set_desc', 'WeaponTypes': ['Attribute_EWeaponAttribute_BurstFire', 'Attribute_EWeaponAttribute_MediumRange']}",1,,,-50.0,8.0
hero_opera,0,0,8.0,0.47000000000000003,2.0,0,{},0.0,0.0,4.75,10.0,0.68,116.0,1.0,1.0,True,False,True,False,True,"{'BulletDamage': 0.07, 'MaxHealth': 61, 'PowerIncreases': 1, 'TechPower': 1.1, 'LightMeleeDamage': 1.58, 'HeavyMeleeDamage': 3.6656}",50.0,hero_opera_lore,750.0,7.2,4,Opera,hero_opera_playstyle,1,0,hero_opera_role,{},1.6,3.0,4.5000045000045,0.222222,0,0,,,1,,,,
hero_operative,0,0,8.0,0.47000000000000003,2.0,0,"{'1': {'Name': 'Blindside', 'Key': 'operative_blindside'}, '2': {'Name': 'Umbrella Maneuver', 'Key': 'operative_umbrella_maneuver'}, '3': {'Name': 'Full Auto', 'Key': 'citadel_ability_wraith_rapidfire'}, '4': {'Name': 'Revelation', 'Key': 'operative_revelation'}}",0.0,0.0,4.75,10.0,0.68,116.0,1.0,1.0,True,False,True,False,False,"{'BulletDamage': 0.803, 'MaxHealth': 51, 'PowerIncreases': 1, 'TechPower': 1.1, 'LightMeleeDamage': 1.58, 'HeavyMeleeDamage': 3.6656, 'DPS': 3.8238000000000003, 'SustainedDPS': 2.367}",50.0,hero_operative_lore,750.0,7.2,4,Raven,hero_operative_playstyle,1,0,hero_operative_role,{},1.6,3.0,4.5000045000045,0.222222,0,0,,"{'BulletSpeed': 828.0, 'BulletDamage': 10.8, 'RoundsPerSecond': 4.7619, 'ClipSize': 20, 'ReloadTime': 2.585, 'ReloadMovespeed': 1.0, 'ReloadDelay': 0, 'ReloadSingle': False, 'FalloffStartRange': 19.99, 'FalloffEndRange': 57.51, 'FalloffStartScale': 1.0, 'FalloffEndScale': 0.1, 'FalloffBias': 0.5, 'BulletGravityScale': 0.8, 'BulletsPerShot': 1, 'BulletsPerBurst': 2, 'BurstInterShotInterval': 0.1, 'ShootMoveSpeed': 0.75, 'HitOnceAcrossAllBullets': False, 'CanCrit': True, 'AmmoConsumedPerShot': 1, 'DPS': 51.429, 'SustainedDPS': 31.835, 'NameKey': 'citadel_weapon_hero_operative_set', 'DescKey': 'citadel_weapon_hero_operative_set_desc', 'WeaponTypes': ['Attribute_EWeaponAttribute_RapidFire', 'Attribute_EWeaponAttribute_MediumRange']}",1,,,,
hero_orion,0,0,8.0,0.43,1.5,0,"{'1': {'Name': 'Charged Shot', 'Key': 'ability_charged_shot'}, '2': {'Name': 'Rain of Arrows', 'Key': 'ability_power_jump'}, '3': {'Name': 'Spirit Snare', 'Key': 'ability_immobilize_trap'}, '4': {'Name': 'Guided Owl', 'Key': 'ability_guided_arrow'}}",0.0,0.0,4.75,10.0,0.62,116.0,1.0,1.0,False,False,False,True,True,"{'BulletDamage': 1.001, 'MaxHealth': 38, 'PowerIncreases': 1, 'TechPower': 1.1, 'LightMeleeDamage': 1.58, 'HeavyMeleeDamage': 3.6656, 'DPS': 1.7333, 'SustainedDPS': 1.3986}",50.0,hero_orion_lore,750.0,6.3,4,Grey Talon,hero_orion_playstyle,1,0,hero_orion_role,"{'MaxMoveSpeed': 0.008400000000000001, 'BulletDamage': 0.08, 'DPS': 0.13853000000000001, 'SustainedDPS': 0.11177000000000001}",1.6,4.0,4.5000045000045,0.222222,0,0,Marksman,"{'BulletSpeed': 495.3, 'BulletDamage': 23.51, 'RoundsPerSecond': 1.7316, 'ClipSize': 17, 'ReloadTime': 2.35, 'ReloadMovespeed': 1.0, 'ReloadDelay': 0, 'ReloadSingle': False, 'FalloffStartRange': 18.0, 'FalloffEndRange': 54.0, 'FalloffStartScale': 1.0, 'FalloffEndScale': 0.1, 'FalloffBias': 0.5, 'BulletGravityScale': 0.8, 'BulletsPerShot': 1, 'BulletsPerBurst': 1, 'BurstInterShotInterval': 0, 'ShootMoveSpeed': 0.75, 'HitOnceAcrossAllBullets': True, 'CanCrit': True, 'AmmoConsumedPerShot': 1, 'DPS': 40.71, 'SustainedDPS': 32.847, 'NameKey': 'citadel_weapon_hero_orion_set', 'DescKey': 'citadel_weapon_hero_orion_set_desc', 'WeaponTypes': ['Attribute_EWeaponAttribute_MediumRange', 'Attribute_EWeaponAttribute_HeavyHitter', 'Attribute_EWeaponAttribute_Projectile']}",1,,,,
hero_priest,0,0,8.0,0.49,2.0,0,{},0.0,0.0,4.75,10.0,0.7000000000000001,125.0,1.0,1.0,False,False,False,False,True,"{'BulletDamage': 0.27, 'MaxHealth': 38.0, 'PowerIncreases': 1, 'TechPower': 1.1, 'LightMeleeDamage': 1.7000000000000002, 'HeavyMeleeDamage': 4.25}",50.0,hero_priest_lore,720.0,6.4,4,Venator,hero_priest_playstyle,1,0,hero_priest_role,"{'TechResist': 0.12178000000000001, 'BulletResist': 0.12178000000000001}",1.5,3.0,4.5000045000045,0.222222,0,0,Marksman,"{'WeaponTypes': ['Attribute_EWeaponAttribute_MediumRange', 'Attribute_EWeaponAttribute_Projectile']}",1,,,,
hero_punkgoat,0,0,8.0,0.47000000000000003,2.5,0,"{'1': {'Name': 'Bashdown', 'Key': 'ability_punkgoat_ult'}, '2': {'Name': 'Rising Ram', 'Key': 'ability_punkgoat_goatflip'}, '3': {'Name': 'Blasted', 'Key': 'ability_punkgoat_blasted'}, '4': {'Name': 'Chain Gang', 'Key': 'ability_punkgoat_tether'}}",-20.0,0.0,4.75,10.0,0.68,116.0,1.0,1.0,False,False,False,False,True,"{'BulletDamage': 0.165, 'MaxHealth': 43, 'PowerIncreases': 1, 'TechPower': 1.1, 'LightMeleeDamage': 1.58, 'HeavyMeleeDamage': 3.6656, 'DPS': 1.9412, 'SustainedDPS': 0.90827}",50.0,hero_punkgoat_lore,790.0,7.0,4,Billy,hero_punkgoat_playstyle,1,0,hero_punkgoat_role,{},1.6,3.0,4.5000045000045,0.222222,0,0,Brawler,"{'BulletSpeed': 513.1, 'BulletDamage': 6.3, 'RoundsPerSecond': 11.765, 'ClipSize': 30, 'ReloadTime': 2.9, 'ReloadMovespeed': 1.0, 'ReloadDelay': 0, 'ReloadSingle': False, 'FalloffStartRange': 13.97, 'FalloffEndRange': 31.75, 'FalloffStartScale': 1.0, 'FalloffEndScale': 0.1, 'FalloffBias': 0.5, 'BulletGravityScale': 0, 'BulletsPerShot': 1, 'BulletsPerBurst': 1, 'BurstInterShotInterval': 0, 'ShootMoveSpeed': 0.75, 'HitOnceAcrossAllBullets': False, 'CanCrit': True, 'AmmoConsumedPerShot': 1, 'DPS': 74.12, 'SustainedDPS': 34.679, 'NameKey': 'citadel_weapon_hero_punkgoat_set', 'DescKey': 'citadel_weapon_hero_punkgoat_set_desc', 'WeaponTypes': ['Attribute_EWeaponAttribute_CloseRange']}",1,,,,
hero_rutger,0,0,8.0,0.47000000000000003,2.0,0,"{'1': {'Name': 'Rocket Launcher', 'Key': 'rutger_rocket'}, '2': {'Name': 'Force Field', 'Key': 'rutger_force_field'}, '3': {'Name': 'Cheat Death', 'Key': 'rutger_cheat_death'}, '4': {'Name': 'Pulse', 'Key': 'rutger_pulse'}}",0.0,0.0,4.75,10.0,0.68,116.0,1.0,1.0,True,False,True,False,False,"{'MaxHealth': 61, 'PowerIncreases': 1, 'TechPower': 1.1, 'LightMeleeDamage': 1.58, 'HeavyMeleeDamage': 3.6656}",50.0,hero_rutger_lore,750.0,7.2,4,Rutger,hero_rutger_playstyle,1,0,hero_rutger_role,{},1.6,3.0,4.5000045000045,0.222222,0,0,,"{'BulletSpeed': 320.0, 'BulletDamage': 3.24, 'RoundsPerSecond': 5.5556, 'ClipSize': 14, 'ReloadTime': 2.4, 'ReloadMovespeed': 1.0, 'ReloadDelay': 0, 'ReloadSingle': False, 'FalloffStartRange': 19.99, 'FalloffEndRange': 57.51, 'FalloffStartScale': 1.0, 'FalloffEndScale': 0.1, 'FalloffBias': 0.5, 'BulletGravityScale': 0.8, 'BulletsPerShot': 4, 'BulletsPerBurst': 1, 'BurstInterShotInterval': 0, 'ShootMoveSpeed': 0.75, 'HitOnceAcrossAllBullets': False, 'CanCrit': True, 'AmmoConsumedPerShot': 1, 'DPS': 72.001, 'SustainedDPS': 36.878, 'NameKey': 'citadel_weapon_hero_rutger_set', 'DescKey': 'citadel_weapon_hero_rutger_set_desc'}",1,,,,
hero_shieldguy,0,0,8.0,0.47000000000000003,2.0,0,"{'1': {'Name': None, 'Key': 'ability_shieldguy_ability01'}, '2': {'Name': None, 'Key': 'ability_shieldguy_ability02'}, '3': {'Name': None, 'Key': 'ability_shieldguy_ability03'}, '4': {'Name': None, 'Key': 'ability_shieldguy_ult'}}",0.0,0.0,4.75,10.0,0.68,116.0,1.0,1.0,True,False,True,False,False,"{'BulletDamage': 0.077, 'MaxHealth': 61, 'PowerIncreases': 1, 'TechPower': 1.1, 'LightMeleeDamage': 1.58, 'HeavyMeleeDamage': 3.6656, 'DPS': 0.85555, 'SustainedDPS': 0.44423}",50.0,hero_shieldguy_lore,750.0,7.2,4,Shield Guy,hero_shieldguy_playstyle,1,0,hero_shieldguy_role,{},1.6,3.0,4.5000045000045,0.222222,0,0,,"{'BulletSpeed': 571.5, 'BulletDamage': 5.5, 'RoundsPerSecond': 11.111, 'ClipSize': 30, 'ReloadTime': 2.5, 'ReloadMovespeed': 1.0, 'ReloadDelay': 0, 'ReloadSingle': False, 'FalloffStartRange': 19.99, 'FalloffEndRange': 57.51, 'FalloffStartScale': 1.0, 'FalloffEndScale': 0.1, 'FalloffBias': 0.5, 'BulletGravityScale': 0, 'BulletsPerShot': 1, 'BulletsPerBurst': 1, 'BurstInterShotInterval': 0, 'ShootMoveSpeed': 0.75, 'HitOnceAcrossAllBullets': False, 'CanCrit': True, 'AmmoConsumedPerShot': 1, 'DPS': 61.111, 'SustainedDPS': 31.731, 'NameKey': 'citadel_weapon_hero_shieldguy_set', 'DescKey': 'citadel_weapon_hero_shieldguy_set_desc'}",1,,,,
hero_shiv,0,0,8.0,0.49,2.0,0,"{'1': {'Name': 'Serrated Knives', 'Key': 'citadel_ability_shiv_dagger'}, '2': {'Name': 'Slice and Dice', 'Key': 'citadel_ability_shiv_dash'}, '3': {'Name': 'Bloodletting', 'Key': 'citadel_ability_shiv_defer_damage'}, '4': {'Name': 'Killing Blow', 'Key': 'citadel_ability_shiv_killing_blow'}}",0.0,0.0,4.75,10.0,0.7000000000000001,116.0,1.0,1.0,False,False,False,False,True,"{'BulletDamage': 0.154, 'MaxHealth': 45, 'PowerIncreases': 1, 'TechPower': 1.1, 'LightMeleeDamage': 1.58, 'HeavyMeleeDamage': 3.6656, 'DPS': 1.6762000000000001, 'SustainedDPS': 1.1116}",50.0,hero_shiv_lore,800.0,6.7,4,Shiv,hero_shiv_playstyle,1,0,hero_shiv_role,{},1.6,3.0,4.5000045000045,0.222222,0,0,Brawler,"{'BulletSpeed': 609.6, 'BulletDamage': 4.8, 'RoundsPerSecond': 1.8141, 'ClipSize': 10, 'ReloadTime': 2.8, 'ReloadMovespeed': 1.0, 'ReloadDelay': 0, 'ReloadSingle': False, 'FalloffStartRange': 19.79, 'FalloffEndRange': 41.15, 'FalloffStartScale': 1.0, 'FalloffEndScale': 0.1, 'FalloffBias': 0.5, 'BulletGravityScale': 0.8, 'BulletsPerShot': 6, 'BulletsPerBurst': 1, 'BurstInterShotInterval': 0, 'ShootMoveSpeed': 0.75, 'HitOnceAcrossAllBullets': False, 'CanCrit': True, 'AmmoConsumedPerShot': 1, 'DPS': 52.246, 'SustainedDPS': 34.647, 'NameKey': 'citadel_weapon_hero_shiv_set', 'DescKey': 'citadel_weapon_hero_shiv_set_desc', 'AltFire': {'BulletSpeed': 609.6, 'BulletDamage': 4.36, 'RoundsPerSecond': 0.76336, 'ClipSize': 8, 'ReloadTime': 2.0, 'ReloadMovespeed': 1.0, 'ReloadDelay': 0, 'ReloadSingle': False, 'FalloffStartRange': 19.99, 'FalloffEndRange': 57.51, 'FalloffStartScale': 1.0, 'FalloffEndScale': 0.1, 'FalloffBias': 0.5, 'BulletGravityScale': 0.8, 'BulletsPerShot': 12, 'BulletsPerBurst': 1, 'BurstInterShotInterval': 0.05, 'ShootMoveSpeed': 0.75, 'HitOnceAcrossAllBullets': False, 'CanCrit': True, 'AmmoConsumedPerShot': 3, 'DPS': 39.939, 'SustainedDPS': 33.539, 'NameKey': 'citadel_weapon_shiv_alt', 'DescKey': 'citadel_weapon_shiv_alt_desc'}, 'WeaponTypes': ['Attribute_EWeaponAttribute_Spreadshot', 'Attribute_EWeaponAttribute_CloseRange']}",1,,,,
hero_skyrunner,0,0,8.0,0.47000000000000003,2.0,0,"{'1': {'Name': 'Lifethread', 'Key': 'ability_skyrunner_swingline'}, '2': {'Name': None, 'Key': 'ability_skyrunner_magic_beam'}, '3': {'Name': 'Flakshot', 'Key': 'ability_skyrunner_flakshot'}, '4': {'Name': 'Demontrigger Blitz', 'Key': 'ability_gunslinger_salvo'}}",0.0,0.0,4.75,10.0,0.68,116.0,1.0,1.0,True,False,True,False,True,"{'BulletDamage': 0.44, 'MaxHealth': 51, 'PowerIncreases': 1, 'TechPower': 1.1, 'LightMeleeDamage': 1.58, 'HeavyMeleeDamage': 3.6656, 'DPS': 4.6561, 'SustainedDPS': 2.4362}",50.0,hero_skyrunner_lore,750.0,7.2,4,Skyrunner,hero_skyrunner_playstyle,1,0,hero_skyrunner_role,{},2.5,3.0,4.5000045000045,0.222222,0,0,,"{'BulletSpeed': 108.0, 'BulletDamage': 5.0, 'RoundsPerSecond': 10.582, 'ClipSize': 36, 'ReloadTime': 3.1, 'ReloadMovespeed': 1.0, 'ReloadDelay': 0, 'ReloadSingle': False, 'FalloffStartRange': 19.99, 'FalloffEndRange': 57.51, 'FalloffStartScale': 1.0, 'FalloffEndScale': 0.1, 'FalloffBias': 0.5, 'BulletGravityScale': 0, 'BulletsPerShot': 1, 'BulletsPerBurst': 1, 'BurstInterShotInterval': 0, 'ShootMoveSpeed': 0.75, 'HitOnceAcrossAllBullets': False, 'CanCrit': True, 'AmmoConsumedPerShot': 1, 'DPS': 52.91, 'SustainedDPS': 27.684, 'NameKey': 'citadel_weapon_hero_skyrunner_set', 'DescKey': 'citadel_weapon_hero_skyrunner_set_desc', 'AltFire': {'BulletSpeed': 108.0, 'BulletDamage': 5.0, 'RoundsPerSecond': 1.5873, 'ClipSize': 10, 'ReloadTime': 3.1, 'ReloadMovespeed': 1.0, 'ReloadDelay': 0, 'ReloadSingle': False, 'FalloffStartRange': 19.99, 'FalloffEndRange': 57.51, 'FalloffStartScale': 1.0, 'FalloffEndScale': 0.1, 'FalloffBias': 0.5, 'BulletGravityScale': 0, 'BulletsPerShot': 12, 'BulletsPerBurst': 1, 'BurstInterShotInterval': 0, 'ShootMoveSpeed': 0.75, 'HitOnceAcrossAllBullets': False, 'CanCrit': True, 'AmmoConsumedPerShot': 12, 'DPS': 95.238, 'SustainedDPS': 63.83, 'NameKey': 'citadel_weapon_skyrunner_alt', 'DescKey': 'citadel_weapon_skyrunner_alt_desc'}, 'WeaponTypes': ['Attribute_EWeaponAttribute_BurstFire', 'Attribute_EWeaponAttribute_MediumRange']}",1,,10.0,,
hero_slork,0,0,8.0,0.47000000000000003,2.0,0,"{'1': {'Name': 'Scalding Spray', 'Key': 'fathom_scalding_spray'}, '2': {'Name': 'Breach', 'Key': 'fathom_breach'}, '3': {'Name': 'Reefdweller Harpoon', 'Key': 'fathom_reefdweller_harpoon'}, '4': {'Name': ""Lurker's Ambush"", 'Key': 'fathom_lurkers_ambush'}}",0.0,0.0,4.75,10.0,0.68,116.0,1.0,1.0,True,False,True,False,False,"{'BulletDamage': 0.22, 'MaxHealth': 54, 'PowerIncreases': 1, 'TechPower': 1.1, 'LightMeleeDamage': 1.58, 'HeavyMeleeDamage': 3.6656, 'DPS': 3.4222, 'SustainedDPS': 1.9149}",50.0,hero_slork_lore,750.0,7.2,4,Fathom,hero_slork_playstyle,1,0,hero_slork_role,{},1.6,3.0,4.5000045000045,0.222222,0,0,,"{'BulletSpeed': 558.8, 'BulletDamage': 3.6, 'RoundsPerSecond': 2.2222, 'ClipSize': 13, 'ReloadTime': 0.30000000000000004, 'ReloadMovespeed': 1.0, 'ReloadDelay': 0.705, 'ReloadSingle': True, 'FalloffStartRange': 16.0, 'FalloffEndRange': 45.72, 'FalloffStartScale': 1.0, 'FalloffEndScale': 0.1, 'FalloffBias': 0.5, 'BulletGravityScale': 0.8, 'BulletsPerShot': 7, 'BulletsPerBurst': 1, 'BurstInterShotInterval': 0, 'ShootMoveSpeed': 0.75, 'HitOnceAcrossAllBullets': False, 'CanCrit': True, 'AmmoConsumedPerShot': 1, 'DPS': 55.999, 'SustainedDPS': 31.334, 'NameKey': 'citadel_weapon_hero_slork_set', 'DescKey': 'citadel_weapon_hero_slork_set_desc', 'WeaponTypes': ['Attribute_EWeaponAttribute_Spreadshot', 'Attribute_EWeaponAttribute_CloseRange']}",1,,,,
hero_swan,0,0,8.0,0.47000000000000003,2.0,0,"{'1': {'Name': None, 'Key': 'ability_swan_featherboomerang'}, '2': {'Name': 'Jet', 'Key': 'ability_swan_leap'}, '3': {'Name': 'Acrobat', 'Key': 'ability_swan_acrobat'}, '4': {'Name': None, 'Key': 'ability_swan_ult'}}",0.0,0.0,4.75,10.0,0.68,116.0,1.0,1.0,True,False,True,False,True,"{'BulletDamage': 0.275, 'MaxHealth': 59, 'PowerIncreases': 1, 'TechPower': 1.1, 'LightMeleeDamage': 1.58, 'HeavyMeleeDamage': 3.6656, 'DPS': 0.7936500000000001, 'SustainedDPS': 0.4173}",50.0,hero_swan_lore,750.0,6.8,4,Swan,hero_swan_playstyle,1,0,hero_swan_role,{},1.6,3.0,4.5000045000045,0.222222,0,0,,"{'BulletSpeed': 177.8, 'BulletDamage': 10.0, 'RoundsPerSecond': 2.886, 'ClipSize': 8, 'ReloadTime': 2.5, 'ReloadMovespeed': 1.0, 'ReloadDelay': 0, 'ReloadSingle': False, 'FalloffStartRange': 19.99, 'FalloffEndRange': 57.51, 'FalloffStartScale': 1.0, 'FalloffEndScale': 0.1, 'FalloffBias': 0.5, 'BulletGravityScale': 0, 'BulletsPerShot': 1, 'BulletsPerBurst': 2, 'BurstInterShotInterval': 0.084, 'ShootMoveSpeed': 0.75, 'HitOnceAcrossAllBullets': False, 'CanCrit': True, 'AmmoConsumedPerShot': 0, 'DPS': 28.86, 'SustainedDPS': 15.174, 'NameKey': 'citadel_weapon_hero_swan_set', 'DescKey': 'citadel_weapon_hero_swan_set_desc', 'WeaponTypes': ['Attribute_EWeaponAttribute_BurstFire', 'Attribute_EWeaponAttribute_MediumRange']}",1,,,,
hero_synth,0,0,8.0,0.47000000000000003,1.0,0,"{'1': {'Name': 'Barrage', 'Key': 'synth_barrage'}, '2': {'Name': 'Flying Cloak', 'Key': 'synth_plasma_flux'}, '3': {'Name': ""Enchanter's Satchel"", 'Key': 'synth_pulse'}, '4': {'Name': 'Affliction', 'Key': 'synth_affliction'}}",0.0,0.0,4.75,10.0,0.68,116.0,1.0,1.0,False,False,False,False,True,"{'BulletDamage': 0.22, 'MaxHealth': 36, 'PowerIncreases': 1, 'TechPower': 1.1, 'LightMeleeDamage': 1.58, 'HeavyMeleeDamage': 3.0547, 'DPS': 2.9334, 'SustainedDPS': 1.9709}",60.0,hero_synth_lore,750.0,7.2,4,Pocket,hero_synth_playstyle,1,0,hero_synth_role,{},1.6,3.0,4.5000045000045,0.222222,0,0,Assassin,"{'BulletSpeed': 558.8, 'BulletDamage': 4.28, 'RoundsPerSecond': 1.9048, 'ClipSize': 11, 'ReloadTime': 2.8200000000000003, 'ReloadMovespeed': 1.0, 'ReloadDelay': 0, 'ReloadSingle': False, 'FalloffStartRange': 16.0, 'FalloffEndRange': 45.72, 'FalloffStartScale': 1.0, 'FalloffEndScale': 0.1, 'FalloffBias': 0.5, 'BulletGravityScale': 0.8, 'BulletsPerShot': 7, 'BulletsPerBurst': 1, 'BurstInterShotInterval': 0, 'ShootMoveSpeed': 0.75, 'HitOnceAcrossAllBullets': False, 'CanCrit': True, 'AmmoConsumedPerShot': 1, 'DPS': 57.068, 'SustainedDPS': 38.344, 'NameKey': 'citadel_weapon_hero_synth_set', 'DescKey': 'citadel_weapon_hero_synth_set_desc', 'WeaponTypes': ['Attribute_EWeaponAttribute_Spreadshot', 'Attribute_EWeaponAttribute_CloseRange']}",1,,-15.0,,
hero_targetdummy,0,0,8.0,0.47000000000000003,2.0,0,"{'1': {'Name': None, 'Key': 'targetdummy_ability_1'}, '2': {'Name': None, 'Key': 'targetdummy_ability_2'}, '3': {'Name': None, 'Key': 'targetdummy_ability_3'}, '4': {'Name': None, 'Key': 'targetdummy_ability_4'}}",0.0,0.0,4.75,10.0,0.68,116.0,1.0,1.0,True,False,False,False,False,"{'MaxHealth': 60.0, 'PowerIncreases': 1, 'TechPower': 1.1, 'LightMeleeDamage': 1.58, 'HeavyMeleeDamage': 3.6656}",50.0,hero_targetdummy_lore,3000.0,7.2,4,TargetDummy,hero_targetdummy_playstyle,1,0,hero_targetdummy_role,{},1.6,3.0,4.5000045000045,0.222222,0,0,,"{'BulletSpeed': 635.0, 'BulletDamage': 11.6, 'RoundsPerSecond': 5.0, 'ClipSize': 15, 'ReloadTime': 2.0, 'ReloadMovespeed': 1.0, 'ReloadDelay': 0, 'ReloadSingle': False, 'FalloffStartRange': 19.99, 'FalloffEndRange': 57.51, 'FalloffStartScale': 1.0, 'FalloffEndScale': 0.1, 'FalloffBias': 0.5, 'BulletGravityScale': 0, 'BulletsPerShot': 1, 'BulletsPerBurst': 1, 'BurstInterShotInterval': 0, 'ShootMoveSpeed': 0.75, 'HitOnceAcrossAllBullets': False, 'CanCrit': True, 'AmmoConsumedPerShot': 1, 'DPS': 58.0, 'SustainedDPS': 34.8, 'NameKey': 'citadel_weapon_hero_targetdummy_set', 'DescKey': 'citadel_weapon_hero_targetdummy_set_desc'}",1,,,,
hero_tengu,0,0,8.0,0.43,2.0,0,"{'1': {'Name': 'Kudzu Bomb', 'Key': 'citadel_ability_tengu_urn'}, '2': {'Name': ""Watcher's Covenant"", 'Key': 'citadel_ability_tangotether'}, '3': {'Name': 'Stone Form', 'Key': 'citadel_ability_tengu_stone_form'}, '4': {'Name': 'Air Drop', 'Key': 'citadel_ability_tengu_airlift'}}",0.0,0.0,4.75,10.0,0.62,116.0,1.0,1.0,False,False,False,False,True,"{'BulletDamage': 0.121, 'MaxHealth': 44, 'PowerIncreases': 1, 'TechPower': 1.2, 'LightMeleeDamage': 1.58, 'HeavyMeleeDamage': 3.6656, 'DPS': 1.6461999999999999, 'SustainedDPS': 0.8199900000000001}",50.0,hero_tengu_lore,725.0,7.2,4,Ivy,hero_tengu_playstyle,1,0,hero_tengu_role,{},1.6,4.0,4.5000045000045,0.222222,0,0,Marksman,"{'BulletSpeed': 571.5, 'BulletDamage': 4.59, 'RoundsPerSecond': 13.605, 'ClipSize': 33, 'ReloadTime': 2.444, 'ReloadMovespeed': 1.0, 'ReloadDelay': 0, 'ReloadSingle': False, 'FalloffStartRange': 19.99, 'FalloffEndRange': 57.51, 'FalloffStartScale': 1.0, 'FalloffEndScale': 0.1, 'FalloffBias': 0.5, 'BulletGravityScale': 0.8, 'BulletsPerShot': 1, 'BulletsPerBurst': 1, 'BurstInterShotInterval': 0, 'ShootMoveSpeed': 0.75, 'HitOnceAcrossAllBullets': False, 'CanCrit': True, 'AmmoConsumedPerShot': 1, 'DPS': 62.447, 'SustainedDPS': 31.105, 'NameKey': 'citadel_weapon_hero_tengu_set', 'DescKey': 'citadel_weapon_hero_tengu_set_desc', 'WeaponTypes': ['Attribute_EWeaponAttribute_RapidFire', 'Attribute_EWeaponAttribute_MediumRange']}",1,,,,
hero_thumper,0,0,8.0,0.47000000000000003,2.0,0,"{'1': {'Name': 'Shatter Cannon', 'Key': 'thumper_ability_1'}, '2': {'Name': 'Spike Strip', 'Key': 'thumper_ability_2'}, '3': {'Name': 'Badger Drone', 'Key': 'thumper_ability_3'}, '4': {'Name': 'Vortex', 'Key': 'thumper_ability_4'}}",0.0,0.0,4.75,10.0,0.68,116.0,1.0,1.0,True,False,True,False,False,"{'MaxHealth': 61, 'PowerIncreases': 1, 'TechPower': 1.1, 'LightMeleeDamage': 1.58, 'HeavyMeleeDamage': 3.6656}",50.0,hero_thumper_lore,750.0,7.2,4,Thumper,hero_thumper_playstyle,1,0,hero_thumper_role,{},1.6,3.0,4.5000045000045,0.222222,0,0,,"{'BulletSpeed': 124.5, 'BulletDamage': 34.2, 'RoundsPerSecond': 1.6667, 'ClipSize': 6, 'ReloadTime': 2.1, 'ReloadMovespeed': 1.0, 'ReloadDelay': 0, 'ReloadSingle': False, 'FalloffStartRange': 19.99, 'FalloffEndRange': 57.51, 'FalloffStartScale': 1.0, 'FalloffEndScale': 0.1, 'FalloffBias': 0.5, 'BulletGravityScale': 0.25, 'BulletsPerShot': 1, 'BulletsPerBurst': 1, 'BurstInterShotInterval': 0, 'ShootMoveSpeed': 0.75, 'HitOnceAcrossAllBullets': False, 'CanCrit': True, 'AmmoConsumedPerShot': 1, 'DPS': 57.001, 'SustainedDPS': 36.0, 'NameKey': 'citadel_weapon_hero_thumper_set', 'DescKey': 'citadel_weapon_hero_thumper_set_desc'}",1,,,,
hero_tokamak,0,0,8.0,0.47000000000000003,2.0,0,"{'1': {'Name': 'Hot Shot', 'Key': 'tokamak_hot_shot'}, '2': {'Name': 'Dying Star', 'Key': 'tokamak_dying_star'}, '3': {'Name': 'Blinding Radiance', 'Key': 'tokamak_radiance'}, '4': {'Name': 'Pulse Cannon', 'Key': 'tokamak_crimson_cannon'}}",0.0,0.0,4.75,10.0,0.68,116.0,1.0,1.0,True,False,True,False,False,"{'BulletDamage': 0.418, 'MaxHealth': 61, 'PowerIncreases': 1, 'TechPower': 1.1, 'LightMeleeDamage': 1.58, 'HeavyMeleeDamage': 3.6656, 'DPS': 3.4833, 'SustainedDPS': 2.09}",50.0,hero_tokamak_lore,750.0,7.2,4,Tokamak,hero_tokamak_playstyle,1,0,hero_tokamak_role,{},1.6,3.0,4.5000045000045,0.222222,0,0,,"{'BulletSpeed': 406.4, 'BulletDamage': 8.2, 'RoundsPerSecond': 8.3333, 'ClipSize': 50, 'ReloadTime': 4.0, 'ReloadMovespeed': 1.0, 'ReloadDelay': 0, 'ReloadSingle': False, 'FalloffStartRange': 19.99, 'FalloffEndRange': 57.51, 'FalloffStartScale': 1.0, 'FalloffEndScale': 0.1, 'FalloffBias': 0.5, 'BulletGravityScale': 0.8, 'BulletsPerShot': 1, 'BulletsPerBurst': 1, 'BurstInterShotInterval': 0, 'ShootMoveSpeed': 0.75, 'HitOnceAcrossAllBullets': False, 'CanCrit': True, 'AmmoConsumedPerShot': 1, 'DPS': 68.333, 'SustainedDPS': 41.0, 'NameKey': 'citadel_weapon_hero_tokamak_set', 'DescKey': 'citadel_weapon_hero_tokamak_set_desc'}",1,,,,
hero_trapper,0,0,8.0,0.47000000000000003,2.0,0,"{'1': {'Name': 'Bottled Phantasmicide', 'Key': 'ability_trapper_poisonjar'}, '2': {'Name': 'Silktrap', 'Key': 'ability_trapper_webwall'}, '3': {'Name': 'Pest Barrier', 'Key': 'ability_trapper_spidershield'}, '4': {'Name': 'Crawling Plague', 'Key': 'ability_trapper_spiderwave'}}",0.0,0.0,4.75,10.0,0.68,116.0,1.0,1.0,True,False,True,False,False,"{'BulletDamage': 0.22, 'MaxHealth': 66, 'PowerIncreases': 1, 'TechPower': 1.1, 'LightMeleeDamage': 1.58, 'HeavyMeleeDamage': 3.6656, 'DPS': 4.7668, 'SustainedDPS': 3.0027}",50.0,hero_trapper_lore,750.0,7.2,4,Trapper,hero_trapper_playstyle,1,0,hero_trapper_role,{},1.6,3.0,4.5000045000045,0.222222,0,0,,"{'BulletSpeed': 381.0, 'BulletDamage': 4.0, 'RoundsPerSecond': 1.6667, 'ClipSize': 8, 'ReloadTime': 2.8200000000000003, 'ReloadMovespeed': 1.0, 'ReloadDelay': 0.0, 'ReloadSingle': False, 'FalloffStartRange': 16.0, 'FalloffEndRange': 45.72, 'FalloffStartScale': 1.0, 'FalloffEndScale': 0.1, 'FalloffBias': 0.5, 'BulletGravityScale': 0.0, 'BulletsPerShot': 13, 'BulletsPerBurst': 1, 'BurstInterShotInterval': 0, 'ShootMoveSpeed': 0.75, 'HitOnceAcrossAllBullets': False, 'CanCrit': True, 'AmmoConsumedPerShot': 1, 'ExplosionRadius': 0.0, 'DPS': 86.668, 'SustainedDPS': 54.594, 'NameKey': 'citadel_weapon_hero_trapper_set', 'DescKey': 'citadel_weapon_hero_trapper_set_desc', 'WeaponTypes': ['Attribute_EWeaponAttribute_MediumRange', 'Attribute_EWeaponAttribute_Projectile']}",1,,-15.0,,
hero_unicorn,0,0,8.0,0.43,2.0,0,{},0.0,0.0,4.75,10.0,0.62,116.0,1.0,1.0,False,False,False,False,True,"{'BulletDamage': 0.4, 'MaxHealth': 35, 'PowerIncreases': 1, 'TechPower': 1.1, 'LightMeleeDamage': 1.58, 'HeavyMeleeDamage': 3.6656}",50.0,hero_unicorn_lore,750.0,6.4,4,Celeste,hero_unicorn_playstyle,1,0,hero_unicorn_role,{},1.6,3.0,4.5000045000045,0.222222,0,0,Marksman,"{'WeaponTypes': ['Attribute_EWeaponAttribute_MediumRange', 'Attribute_EWeaponAttribute_Projectile', 'Attribute_EWeaponAttribute_Bouncy']}",1,,,,
hero_vampirebat,0,0,8.0,0.43,2.0,0,"{'1': {'Name': 'Rake', 'Key': 'ability_vampirebat_steallife'}, '2': {'Name': 'Sanguine Retreat', 'Key': 'ability_vampirebat_batblink'}, '3': {'Name': 'Love Bites', 'Key': 'ability_vampirebat_lovebites'}, '4': {'Name': 'Nox Nostra', 'Key': 'ability_vampirebat_batswarm'}}",0.0,0.0,4.75,10.0,0.62,116.0,1.0,1.0,False,False,False,False,True,"{'BulletDamage': 0.275, 'MaxHealth': 28.0, 'PowerIncreases': 1, 'TechPower': 1.1, 'LightMeleeDamage': 1.58, 'HeavyMeleeDamage': 3.6656, 'DPS': 1.0913, 'SustainedDPS': 0.6440300000000001}",50.0,hero_vampirebat_lore,630.0,6.5,4,Mina,hero_vampirebat_playstyle,1,0,hero_vampirebat_role,{},1.6,2.0,3.900003900003899,0.25641,0,0,Marksman,"{'BulletSpeed': 762.0, 'BulletDamage': 7.31, 'RoundsPerSecond': 3.9683, 'ClipSize': 12, 'ReloadTime': 1.7000000000000002, 'ReloadMovespeed': 1.0, 'ReloadDelay': 0.4, 'ReloadSingle': False, 'FalloffStartRange': 19.99, 'FalloffEndRange': 46.0, 'FalloffStartScale': 1.0, 'FalloffEndScale': 0.1, 'FalloffBias': 0.5, 'BulletGravityScale': 0.0, 'BulletsPerShot': 1, 'BulletsPerBurst': 1, 'BurstInterShotInterval': 0, 'ShootMoveSpeed': 0.75, 'HitOnceAcrossAllBullets': False, 'CanCrit': True, 'AmmoConsumedPerShot': 1, 'DPS': 29.008, 'SustainedDPS': 17.12, 'NameKey': 'citadel_weapon_hero_vampirebat_set', 'DescKey': 'citadel_weapon_hero_vampirebat_set_desc', 'WeaponTypes': ['Attribute_EWeaponAttribute_BurstFire', 'Attribute_EWeaponAttribute_MediumRange']}",1,,,,
hero_vandal,0,0,8.0,0.47000000000000003,2.0,0,"{'1': {'Name': None, 'Key': 'citadel_ability_vandal_surge'}, '2': {'Name': None, 'Key': 'ability_vandal_pillar'}, '3': {'Name': None, 'Key': 'ability_haunt'}, '4': {'Name': None, 'Key': 'citadel_ability_vandal_overflow'}}",0.0,0.0,4.75,10.0,0.68,116.0,1.0,1.0,True,False,True,False,False,"{'BulletDamage': 0.242, 'MaxHealth': 53, 'PowerIncreases': 1, 'TechPower': 1.1, 'LightMeleeDamage': 1.58, 'HeavyMeleeDamage': 3.6656, 'DPS': 2.6889000000000003, 'SustainedDPS': 1.9105}",50.0,hero_vandal_lore,750.0,7.2,4,Vandal,hero_vandal_playstyle,1,0,hero_vandal_role,{},1.6,4.0,4.5000045000045,0.222222,0,0,,"{'BulletSpeed': 571.5, 'BulletDamage': 3.0, 'RoundsPerSecond': 3.3333, 'ClipSize': 150, 'ReloadTime': 5.0, 'ReloadMovespeed': 1.0, 'ReloadDelay': 0.5, 'ReloadSingle': False, 'FalloffStartRange': 19.99, 'FalloffEndRange': 57.51, 'FalloffStartScale': 1.0, 'FalloffEndScale': 0.1, 'FalloffBias': 0.5, 'BulletGravityScale': 0, 'BulletsPerShot': 1, 'BulletsPerBurst': 1, 'BurstInterShotInterval': 0, 'ShootMoveSpeed': 0.75, 'HitOnceAcrossAllBullets': False, 'CanCrit': False, 'AmmoConsumedPerShot': 1, 'ExplosionRadius': 0.0, 'RoundsPerSecondAtMaxSpin': 11.11111111111111, 'SpinAcceleration': 1.0, 'SpinDeceleration': 0.65, 'DPS': 33.333, 'SustainedDPS': 23.684, 'NameKey': 'citadel_weapon_hero_vandal_set', 'DescKey': 'citadel_weapon_hero_vandal_set_desc', 'WeaponTypes': ['Attribute_EWeaponAttribute_RapidFire', 'Attribute_EWeaponAttribute_MediumRange']}",1,,,,
hero_viper,0,0,8.0,0.47000000000000003,2.0,0,"{'1': {'Name': 'Screwjab Dagger', 'Key': 'ability_viper_debuffdagger'}, '2': {'Name': 'Lethal Venom', 'Key': 'ability_viper_venom'}, '3': {'Name': 'Slither', 'Key': 'ability_viper_snakedash'}, '4': {'Name': 'Petrifying Bola', 'Key': 'ability_viper_petrifybola'}}",-30.0,0.0,4.75,10.0,0.68,116.0,1.0,1.0,False,False,False,False,True,"{'BulletDamage': 0.198, 'MaxHealth': 35, 'PowerIncreases': 1, 'TechPower': 1.1, 'LightMeleeDamage': 1.58, 'HeavyMeleeDamage': 3.6656, 'DPS': 2.8286, 'SustainedDPS': 1.4488}",50.0,hero_viper_lore,750.0,6.9,4,Vyper,hero_viper_playstyle,1,0,hero_viper_role,{'MaxMoveSpeed': 0.013800000000000002},1.6,4.0,4.5000045000045,0.222222,0,0,Assassin,"{'BulletSpeed': 411.5, 'BulletDamage': 6.58, 'RoundsPerSecond': 14.286, 'ClipSize': 24, 'ReloadTime': 1.6, 'ReloadMovespeed': 1.0, 'ReloadDelay': 0, 'ReloadSingle': False, 'FalloffStartRange': 14.99, 'FalloffEndRange': 33.02, 'FalloffStartScale': 1.0, 'FalloffEndScale': 0.1, 'FalloffBias': 0.5, 'BulletGravityScale': 0.0, 'BulletsPerShot': 1, 'BulletsPerBurst': 1, 'BurstInterShotInterval': 0, 'ShootMoveSpeed': 0.75, 'HitOnceAcrossAllBullets': False, 'CanCrit': True, 'AmmoConsumedPerShot': 1, 'DPS': 94.002, 'SustainedDPS': 48.147, 'NameKey': 'citadel_weapon_hero_viper_set', 'DescKey': 'citadel_weapon_hero_viper_set_desc', 'WeaponTypes': ['Attribute_EWeaponAttribute_RapidFire', 'Attribute_EWeaponAttribute_CloseRange']}",1,,,,
hero_viscous,0,0,8.0,0.47000000000000003,2.0,0,"{'1': {'Name': 'Splatter', 'Key': 'viscous_goo_grenade'}, '2': {'Name': 'The Cube', 'Key': 'viscous_restorative_goo'}, '3': {'Name': 'Puddle Punch', 'Key': 'viscous_telepunch'}, '4': {'Name': 'Goo Ball', 'Key': 'viscous_goo_bowling_ball'}}",0.0,0.0,4.75,10.0,0.68,116.0,1.0,1.0,False,False,False,False,True,"{'BulletDamage': 0.36, 'BulletDamageAltFire': 1.6, 'MaxHealth': 44, 'PowerIncreases': 1, 'TechPower': 1.3, 'LightMeleeDamage': 1.58, 'HeavyMeleeDamage': 2.9092000000000002, 'DPS': 1.7143000000000002, 'SustainedDPS': 1.0746}",63.0,hero_viscous_lore,750.0,7.2,4,Viscous,hero_viscous_playstyle,1,0,hero_viscous_role,{},1.6,3.0,4.5000045000045,0.222222,0,0,Mystic,"{'BulletSpeed': 254.0, 'BulletDamage': 10.34, 'RoundsPerSecond': 4.7619, 'ClipSize': 20, 'ReloadTime': 2.5, 'ReloadMovespeed': 1.0, 'ReloadDelay': 0, 'ReloadSingle': False, 'FalloffStartRange': 19.99, 'FalloffEndRange': 57.51, 'FalloffStartScale': 1.0, 'FalloffEndScale': 0.1, 'FalloffBias': 0.5, 'BulletGravityScale': 0.0, 'BulletsPerShot': 1, 'BulletsPerBurst': 1, 'BurstInterShotInterval': 0, 'ShootMoveSpeed': 0.75, 'HitOnceAcrossAllBullets': False, 'CanCrit': True, 'AmmoConsumedPerShot': 1, 'ExplosionDamageScaleAtMaxRadius': 0.30000000000000004, 'DPS': 49.238, 'SustainedDPS': 30.866, 'NameKey': 'citadel_weapon_hero_viscous_set', 'DescKey': 'citadel_weapon_hero_viscous_set_desc', 'AltFire': {'BulletSpeed': 38.1, 'BulletDamage': 42.0, 'RoundsPerSecond': 0.7936500000000001, 'ClipSize': 10, 'ReloadTime': 2.1, 'ReloadMovespeed': 1.0, 'ReloadDelay': 0, 'ReloadSingle': False, 'FalloffStartRange': 19.99, 'FalloffEndRange': 57.51, 'FalloffStartScale': 1.0, 'FalloffEndScale': 0.1, 'FalloffBias': 0.5, 'BulletGravityScale': 0.2, 'BulletsPerShot': 1, 'BulletsPerBurst': 1, 'BurstInterShotInterval': 0, 'ShootMoveSpeed': 0.75, 'HitOnceAcrossAllBullets': False, 'CanCrit': False, 'AmmoConsumedPerShot': 5, 'ExplosionRadius': 3.556, 'ExplosionDamageScaleAtMaxRadius': 0.5, 'DPS': 33.333, 'SustainedDPS': 28.571, 'NameKey': 'citadel_weapon_viscous_set_2', 'DescKey': 'citadel_weapon_viscous_set_2_desc'}, 'WeaponTypes': ['Attribute_EWeaponAttribute_MediumRange', 'Attribute_EWeaponAttribute_Projectile']}",1,,,,
hero_warden,0,0,8.0,0.47000000000000003,2.0,0,"{'1': {'Name': 'Alchemical Flask', 'Key': 'ability_warden_crowd_control'}, '2': {'Name': 'Willpower', 'Key': 'ability_warden_high_alert'}, '3': {'Name': 'Binding Word', 'Key': 'ability_warden_lock_down'}, '4': {'Name': 'Last Stand', 'Key': 'ability_warden_riot_protocol'}}",0.0,0.0,4.75,10.0,0.68,116.0,1.0,1.0,False,False,False,False,True,"{'BulletDamage': 0.44, 'MaxHealth': 58, 'PowerIncreases': 1, 'TechPower': 1.1, 'LightMeleeDamage': 1.58, 'HeavyMeleeDamage': 3.6656, 'DPS': 1.6762000000000001, 'SustainedDPS': 1.014}",50.0,hero_warden_lore,775.0,6.3,4,Warden,hero_warden_playstyle,1,0,hero_warden_role,"{'RoundsPerSecond': 0.01, 'FireRate': 0.25, 'DPS': 0.1734, 'SustainedDPS': 0.06339499999999999}",1.6,3.0,4.5000045000045,0.222222,0,0,Brawler,"{'BulletSpeed': 290.0, 'BulletDamage': 17.34, 'RoundsPerSecond': 3.8095, 'ClipSize': 17, 'ReloadTime': 2.914, 'ReloadMovespeed': 1.0, 'ReloadDelay': 0, 'ReloadSingle': False, 'FalloffStartRange': 19.99, 'FalloffEndRange': 57.51, 'FalloffStartScale': 1.0, 'FalloffEndScale': 0.1, 'FalloffBias': 0.5, 'BulletGravityScale': 0.25, 'BulletsPerShot': 1, 'BulletsPerBurst': 1, 'BurstInterShotInterval': 0, 'ShootMoveSpeed': 0.75, 'HitOnceAcrossAllBullets': False, 'CanCrit': True, 'AmmoConsumedPerShot': 1, 'DPS': 66.057, 'SustainedDPS': 39.962, 'NameKey': 'citadel_weapon_hero_warden_set', 'DescKey': 'citadel_weapon_hero_warden_set_desc', 'WeaponTypes': ['Attribute_EWeaponAttribute_MediumRange', 'Attribute_EWeaponAttribute_Projectile']}",1,,,,
hero_werewolf,0,0,8.0,0.47000000000000003,2.0,0,"{'1': {'Name': 'Slam Fire', 'Key': 'ability_werewolf_unloadgun'}, '2': {'Name': 'Boot Kick', 'Key': 'ability_werewolf_kickflip'}, '3': {'Name': 'Entangling Bola', 'Key': 'ability_werewolf_netshot'}, '4': {'Name': 'Lycan Curse', 'Key': 'ability_werewolf_transformation'}}",0.0,0.0,4.75,10.0,0.68,116.0,1.0,1.0,False,False,False,False,True,"{'BulletDamage': 0.1206, 'BulletDamageAltFire': 0.8190000000000001, 'MaxHealth': 29.0, 'PowerIncreases': 1, 'TechPower': 1.1, 'LightMeleeDamage': 1.58, 'HeavyMeleeDamage': 3.6656, 'DPS': 0.8442000000000001, 'SustainedDPS': 0.603}",50.0,hero_werewolf_lore,725.0,6.7,4,Silver,hero_werewolf_playstyle,1,0,hero_werewolf_role,{},1.5,2.0,4.5000045000045,0.222222,0,0,Marksman,"{'BulletSpeed': 812.8, 'BulletDamage': 5.5, 'RoundsPerSecond': 1.0, 'ClipSize': 5, 'ReloadTime': 0.30000000000000004, 'ReloadMovespeed': 1.0, 'ReloadDelay': 0.5, 'ReloadSingle': True, 'FalloffStartRange': 16.0, 'FalloffEndRange': 45.72, 'FalloffStartScale': 1.0, 'FalloffEndScale': 0.1, 'FalloffBias': 0.5, 'BulletGravityScale': 0, 'BulletsPerShot': 7, 'BulletsPerBurst': 1, 'BurstInterShotInterval': 0, 'ShootMoveSpeed': 1.0, 'HitOnceAcrossAllBullets': False, 'CanCrit': True, 'AmmoConsumedPerShot': 1, 'DPS': 38.5, 'SustainedDPS': 27.5, 'NameKey': 'citadel_weapon_hero_werewolf_set', 'DescKey': 'citadel_weapon_hero_werewolf_set_desc', 'WeaponTypes': ['Attribute_EWeaponAttribute_RapidFire', 'Attribute_EWeaponAttribute_LongRange']}",1,,,,
hero_werewolf_transformed,0,0,8.0,0.47000000000000003,2.0,0,"{'1': {'Name': 'Go For The Throat', 'Key': 'ability_werewolf_frenzy'}, '2': {'Name': 'Mauling Leap', 'Key': 'ability_werewolf_maulingleap'}, '3': {'Name': 'Tail Whack', 'Key': 'ability_werewolf_cripplingslash'}, '4': {'Name': 'Lycan Curse', 'Key': 'ability_werewolf_transformation'}}",0.0,0.0,4.75,10.0,0.68,116.0,1.0,1.0,False,False,False,False,True,"{'BulletDamage': 0.1206, 'BulletDamageAltFire': 0.8190000000000001, 'MaxHealth': 29.0, 'PowerIncreases': 1, 'TechPower': 1.1, 'LightMeleeDamage': 1.58, 'HeavyMeleeDamage': 3.6656, 'DPS': 0.2412, 'SustainedDPS': 0.19296000000000002}",50.0,hero_werewolf_transformed_lore,725.0,6.7,4,,hero_werewolf_transformed_playstyle,1,0,hero_werewolf_transformed_role,{},1.5,2.0,4.5000045000045,0.222222,0,0,Marksman,"{'BulletSpeed': 254.0, 'BulletDamage': 25.0, 'RoundsPerSecond': 2.0, 'ClipSize': 12, 'ReloadTime': 1.5, 'ReloadMovespeed': 1.0, 'ReloadDelay': 0, 'ReloadSingle': False, 'FalloffStartRange': 19.99, 'FalloffEndRange': 57.51, 'FalloffStartScale': 1.0, 'FalloffEndScale': 0.1, 'FalloffBias': 0.5, 'BulletGravityScale': 0, 'BulletsPerShot': 1, 'BulletsPerBurst': 1, 'BurstInterShotInterval': 0, 'ShootMoveSpeed': 0.75, 'HitOnceAcrossAllBullets': False, 'CanCrit': True, 'AmmoConsumedPerShot': 1, 'DPS': 50.0, 'SustainedDPS': 40.0, 'NameKey': 'citadel_weapon_hero_werewolf_transformed_set', 'DescKey': 'citadel_weapon_hero_werewolf_transformed_set_desc', 'WeaponTypes': ['Attribute_EWeaponAttribute_RapidFire', 'Attribute_EWeaponAttribute_LongRange']}",1,,,,
hero_wraith,0,0,8.0,0.47000000000000003,2.0,0,"{'1': {'Name': 'Card Trick', 'Key': 'citadel_ability_card_toss'}, '2': {'Name': 'Project Mind', 'Key': 'citadel_ability_projectmind'}, '3': {'Name': 'Full Auto', 'Key': 'citadel_ability_wraith_rapidfire'}, '4': {'Name': 'Telekinesis', 'Key': 'citadel_ability_psychic_lift'}}",0.0,0.0,4.75,10.0,0.68,116.0,1.0,1.0,False,False,False,True,True,"{'BulletDamage': 0.14, 'MaxHealth': 35, 'PowerIncreases': 1, 'TechPower': 1.1, 'LightMeleeDamage': 1.58, 'HeavyMeleeDamage': 3.6656, 'DPS': 1.4815, 'SustainedDPS': 0.9413}",50.0,hero_wraith_lore,700.0,7.2,4,Wraith,hero_wraith_playstyle,1,0,hero_wraith_role,{'SprintSpeed': 0.05},1.6,3.0,4.5000045000045,0.222222,0,0,Marksman,"{'BulletSpeed': 571.5, 'BulletDamage': 5.64, 'RoundsPerSecond': 10.582, 'ClipSize': 52, 'ReloadTime': 2.8200000000000003, 'ReloadMovespeed': 1.0, 'ReloadDelay': 0, 'ReloadSingle': False, 'FalloffStartRange': 18.0, 'FalloffEndRange': 52.0, 'FalloffStartScale': 1.0, 'FalloffEndScale': 0.1, 'FalloffBias': 0.5, 'BulletGravityScale': 0, 'BulletsPerShot': 1, 'BulletsPerBurst': 1, 'BurstInterShotInterval': 0, 'ShootMoveSpeed': 0.75, 'HitOnceAcrossAllBullets': False, 'CanCrit': True, 'AmmoConsumedPerShot': 1, 'DPS': 59.682, 'SustainedDPS': 37.921, 'NameKey': 'citadel_weapon_hero_wraith_set', 'DescKey': 'citadel_weapon_hero_wraith_set_desc', 'WeaponTypes': ['Attribute_EWeaponAttribute_RapidFire', 'Attribute_EWeaponAttribute_MediumRange']}",1,,,,
hero_wrecker,0,0,8.0,0.47000000000000003,2.0,0,"{'1': {'Name': 'Wrecking Ball', 'Key': 'citadel_ability_wrecker_bouldergrenade'}, '2': {'Name': 'Consume', 'Key': 'ability_wrecker_salvage'}, '3': {'Name': 'Bio Blast', 'Key': 'ability_scrap_blast'}, '4': {'Name': 'Overload', 'Key': 'citadel_ability_wrecker_garbage_suck'}}",0.0,0.0,4.75,10.0,0.68,116.0,1.0,1.0,True,False,True,False,False,"{'BulletDamage': 0.77, 'MaxHealth': 61, 'PowerIncreases': 1, 'TechPower': 1.1, 'LightMeleeDamage': 1.58, 'HeavyMeleeDamage': 3.6656, 'DPS': 3.08, 'SustainedDPS': 1.7769}",50.0,hero_wrecker_lore,750.0,7.2,4,Wrecker,hero_wrecker_playstyle,1,0,hero_wrecker_role,{},1.6,3.0,4.5000045000045,0.222222,0,0,,"{'BulletSpeed': 635.0, 'BulletDamage': 18.9, 'RoundsPerSecond': 4.0, 'ClipSize': 15, 'ReloadTime': 2.75, 'ReloadMovespeed': 1.0, 'ReloadDelay': 0, 'ReloadSingle': False, 'FalloffStartRange': 19.99, 'FalloffEndRange': 57.51, 'FalloffStartScale': 1.0, 'FalloffEndScale': 0.1, 'FalloffBias': 0.5, 'BulletGravityScale': 0.8, 'BulletsPerShot': 1, 'BulletsPerBurst': 1, 'BurstInterShotInterval': 0, 'ShootMoveSpeed': 0.75, 'HitOnceAcrossAllBullets': False, 'CanCrit': True, 'AmmoConsumedPerShot': 1, 'DPS': 75.6, 'SustainedDPS': 43.615, 'NameKey': 'citadel_weapon_hero_wrecker_set', 'DescKey': 'citadel_weapon_hero_wrecker_set_desc', 'WeaponTypes': ['Attribute_EWeaponAttribute_MediumRange']}",1,,,,
hero_yakuza,0,0,8.0,0.47000000000000003,2.0,0,"{'1': {'Name': 'Shakedown', 'Key': 'yakuza_shakedown_target'}, '2': {'Name': 'Hired Muscle', 'Key': 'yakuza_kobun'}, '3': {'Name': 'Protection Racket', 'Key': 'yakuza_protection_racket'}, '4': {'Name': 'Setting Sun', 'Key': 'yakuza_setting_sun'}}",0.0,0.0,4.75,10.0,0.68,116.0,1.0,1.0,True,False,True,False,False,"{'MaxHealth': 61, 'PowerIncreases': 1, 'TechPower': 1.1, 'LightMeleeDamage': 1.58, 'HeavyMeleeDamage': 3.6656}",50.0,hero_yakuza_lore,750.0,7.2,4,The Boss,hero_yakuza_playstyle,1,0,hero_yakuza_role,{},1.6,3.0,4.5000045000045,0.222222,0,0,,"{'BulletSpeed': 406.4, 'BulletDamage': 5.4, 'RoundsPerSecond': 10.0, 'ClipSize': 20, 'ReloadTime': 1.6, 'ReloadMovespeed': 1.0, 'ReloadDelay': 0, 'ReloadSingle': False, 'FalloffStartRange': 19.99, 'FalloffEndRange': 57.51, 'FalloffStartScale': 1.0, 'FalloffEndScale': 0.1, 'FalloffBias': 0.5, 'BulletGravityScale': 0.8, 'BulletsPerShot': 1, 'BulletsPerBurst': 2, 'BurstInterShotInterval': 0.05, 'ShootMoveSpeed': 0.75, 'HitOnceAcrossAllBullets': False, 'CanCrit': True, 'AmmoConsumedPerShot': 1, 'DPS': 54.0, 'SustainedDPS': 30.0, 'NameKey': 'citadel_weapon_hero_yakuza_set', 'DescKey': 'citadel_weapon_hero_yakuza_set_desc'}",1,,,,
hero_yamato,0,0,8.0,0.47000000000000003,1.0,0,"{'1': {'Name': 'Power Slash', 'Key': 'citadel_ability_power_slash'}, '2': {'Name': 'Flying Strike', 'Key': 'citadel_ability_flying_strike'}, '3': {'Name': 'Crimson Slash', 'Key': 'citadel_ability_healing_slash'}, '4': {'Name': 'Shadow Transformation', 'Key': 'citadel_ability_infinity_slash'}}",0.0,0.0,4.75,10.0,0.68,128.0,1.0,1.0,False,False,False,False,True,"{'BulletDamage': 0.154, 'BulletDamageAltFire': 0.7000000000000001, 'MaxHealth': 44, 'PowerIncreases': 1, 'TechPower': 1.1, 'LightMeleeDamage': 1.58, 'HeavyMeleeDamage': 3.6771000000000003, 'DPS': 1.8334000000000001, 'SustainedDPS': 1.2347000000000001}",55.0,hero_yamato_lore,700.0,8.2,4,Yamato,hero_yamato_playstyle,1,0,hero_yamato_role,"{'ClipSize': 0.15, 'SustainedDPS': 0.17233}",1.6,3.0,4.5000045000045,0.222222,0,0,Assassin,"{'BulletSpeed': 254.0, 'BulletDamage': 5.31, 'RoundsPerSecond': 2.3810000000000002, 'ClipSize': 12, 'ReloadTime': 2.444, 'ReloadMovespeed': 1.0, 'ReloadDelay': 0, 'ReloadSingle': False, 'FalloffStartRange': 19.99, 'FalloffEndRange': 45.72, 'FalloffStartScale': 1.0, 'FalloffEndScale': 0.1, 'FalloffBias': 0.5, 'BulletGravityScale': 0.0, 'BulletsPerShot': 5, 'BulletsPerBurst': 1, 'BurstInterShotInterval': 0, 'ShootMoveSpeed': 0.75, 'HitOnceAcrossAllBullets': False, 'CanCrit': True, 'AmmoConsumedPerShot': 1, 'DPS': 63.216, 'SustainedDPS': 42.571, 'NameKey': 'citadel_weapon_hero_yamato_set', 'DescKey': 'citadel_weapon_hero_yamato_set_desc', 'AltFire': {'BulletSpeed': 76.2, 'BulletDamage': 50, 'RoundsPerSecond': 0.9523800000000001, 'ClipSize': 9, 'ReloadTime': 2.1, 'ReloadMovespeed': 1.0, 'ReloadDelay': 0, 'ReloadSingle': False, 'FalloffStartRange': 19.99, 'FalloffEndRange': 57.51, 'FalloffStartScale': 1.0, 'FalloffEndScale': 0.1, 'FalloffBias': 0.5, 'BulletGravityScale': 1.0, 'BulletsPerShot': 1, 'BulletsPerBurst': 1, 'BurstInterShotInterval': 0, 'ShootMoveSpeed': 0.75, 'HitOnceAcrossAllBullets': False, 'CanCrit': False, 'AmmoConsumedPerShot': 3, 'ExplosionRadius': 3.048, 'DPS': 47.619, 'SustainedDPS': 38.961, 'NameKey': 'citadel_weapon_yamato_alt', 'DescKey': 'citadel_weapon_yamato_alt_desc'}, 'WeaponTypes': ['Attribute_EWeaponAttribute_Spreadshot', 'Attribute_EWeaponAttribute_CloseRange']}",1,,,,
